Company,Folder,Key_Original,Value_New,URL,NewFileName,Status
HoaPhat,E:\Project\4_RagPdf\financial-document-qa-rag\data\material\HoaPhat,Báo cáo thường niên năm 2015.pdf,Báo cáo thường niên năm 2015.pdf,local://material/HoaPhat/Báo cáo thường niên năm 2015.pdf,HPG_AR_2015FY,1
HoaPhat,E:\Project\4_RagPdf\financial-document-qa-rag\data\material\HoaPhat,BCTC Công ty mẹ sau kiểm toán năm 2025.pdf,BCTC Công ty mẹ sau kiểm toán năm 2025.pdf,local://material/HoaPhat/BCTC Công ty mẹ sau kiểm toán năm 2025.pdf,HPG_PCFS_UNAUD_2025FY,1
HoaPhat,E:\Project\4_RagPdf\financial-document-qa-rag\data\material\HoaPhat,BCTC hợp nhất năm 2025 sau kiểm toán.pdf,BCTC hợp nhất năm 2025 sau kiểm toán.pdf,local://material/HoaPhat/BCTC hợp nhất năm 2025 sau kiểm toán.pdf,HPG_CFS_AU_2025FY,1
HoaPhat,E:\Project\4_RagPdf\financial-document-qa-rag\data\material\HoaPhat,Báo cáo thường niên 2009 (PHẦN II).pdf,Báo cáo thường niên 2009 (PHẦN II).pdf,local://material/HoaPhat/Báo cáo thường niên 2009 (PHẦN II).pdf,HPG_AR_2009FY_2,1
HoaPhat,E:\Project\4_RagPdf\financial-document-qa-rag\data\material\HoaPhat,Báo cáo thường niên 2010 (PHẦN II).pdf,Báo cáo thường niên 2010 (PHẦN II).pdf,local://material/HoaPhat/Báo cáo thường niên 2010 (PHẦN II).pdf,HPG_AR_2010FY_2,1
HoaPhat,E:\Project\4_RagPdf\financial-document-qa-rag\data\material\HoaPhat,Báo cáo thường niên năm 2011.pdf,Báo cáo thường niên năm 2011.pdf,local://material/HoaPhat/Báo cáo thường niên năm 2011.pdf,HPG_AR_2011FY,1
HoaPhat,E:\Project\4_RagPdf\financial-document-qa-rag\data\material\HoaPhat,Báo cáo thường niên năm 2012.pdf,Báo cáo thường niên năm 2012.pdf,local://material/HoaPhat/Báo cáo thường niên năm 2012.pdf,HPG_AR_2012FY,1
HoaPhat,E:\Project\4_RagPdf\financial-document-qa-rag\data\material\HoaPhat,Báo cáo thường niên năm 2013.pdf,Báo cáo thường niên năm 2013.pdf,local://material/HoaPhat/Báo cáo thường niên năm 2013.pdf,HPG_AR_2013FY,1
HoaPhat,E:\Project\4_RagPdf\financial-document-qa-rag\data\material\HoaPhat,Báo cáo thường niên năm 2014.pdf,Báo cáo thường niên năm 2014.pdf,local://material/HoaPhat/Báo cáo thường niên năm 2014.pdf,HPG_AR_2014FY,1
HoaPhat,E:\Project\4_RagPdf\financial-document-qa-rag\data\material\HoaPhat,Báo cáo thường niên năm 2016.pdf,Báo cáo thường niên năm 2016.pdf,local://material/HoaPhat/Báo cáo thường niên năm 2016.pdf,HPG_AR_2016FY,1
HoaPhat,E:\Project\4_RagPdf\financial-document-qa-rag\data\material\HoaPhat,Báo cáo thường niên năm 2017.pdf,Báo cáo thường niên năm 2017.pdf,local://material/HoaPhat/Báo cáo thường niên năm 2017.pdf,HPG_AR_2017FY,1
HoaPhat,E:\Project\4_RagPdf\financial-document-qa-rag\data\material\HoaPhat,Báo cáo thường niên năm 2018.pdf,Báo cáo thường niên năm 2018.pdf,local://material/HoaPhat/Báo cáo thường niên năm 2018.pdf,HPG_AR_2018FY,1
HoaPhat,E:\Project\4_RagPdf\financial-document-qa-rag\data\material\HoaPhat,Báo cáo thường niên năm 2019.pdf,Báo cáo thường niên năm 2019.pdf,local://material/HoaPhat/Báo cáo thường niên năm 2019.pdf,HPG_AR_2019FY,1
HoaPhat,E:\Project\4_RagPdf\financial-document-qa-rag\data\material\HoaPhat,Báo cáo thường niên năm 2020.pdf,Báo cáo thường niên năm 2020.pdf,local://material/HoaPhat/Báo cáo thường niên năm 2020.pdf,HPG_AR_2020FY,1
HoaPhat,E:\Project\4_RagPdf\financial-document-qa-rag\data\material\HoaPhat,Báo cáo thường niên năm 2021.pdf,Báo cáo thường niên năm 2021.pdf,local://material/HoaPhat/Báo cáo thường niên năm 2021.pdf,HPG_AR_2021FY,1
HoaPhat,E:\Project\4_RagPdf\financial-document-qa-rag\data\material\HoaPhat,Báo cáo thường niên năm 2022.pdf,Báo cáo thường niên năm 2022.pdf,local://material/HoaPhat/Báo cáo thường niên năm 2022.pdf,HPG_AR_2022FY,1
HoaPhat,E:\Project\4_RagPdf\financial-document-qa-rag\data\material\HoaPhat,Báo cáo thường niên năm 2023.pdf,Báo cáo thường niên năm 2023.pdf,local://material/HoaPhat/Báo cáo thường niên năm 2023.pdf,HPG_AR_2023FY,1
HoaPhat,E:\Project\4_RagPdf\financial-document-qa-rag\data\material\HoaPhat,Báo cáo thường niên năm 2024.pdf,Báo cáo thường niên năm 2024.pdf,local://material/HoaPhat/Báo cáo thường niên năm 2024.pdf,HPG_AR_2024FY,1
HoaPhat,E:\Project\4_RagPdf\financial-document-qa-rag\data\material\HoaPhat,Báo cáo thường niên năm 2025.pdf,Báo cáo thường niên năm 2025.pdf,local://material/HoaPhat/Báo cáo thường niên năm 2025.pdf,HPG_AR_2025FY,1
HoaPhat,E:\Project\4_RagPdf\financial-document-qa-rag\data\material\HoaPhat,Báo cáo tài chính Công ty mẹ năm 2024.pdf,Báo cáo tài chính Công ty mẹ năm 2024.pdf,local://material/HoaPhat/Báo cáo tài chính Công ty mẹ năm 2024.pdf,HPG_PCFS_AUD_2024FY,1
HoaPhat,E:\Project\4_RagPdf\financial-document-qa-rag\data\material\HoaPhat,Báo cáo tài chính Công ty mẹ Qúy I năm 2025.pdf,Báo cáo tài chính Công ty mẹ Qúy I năm 2025.pdf,local://material/HoaPhat/Báo cáo tài chính Công ty mẹ Qúy I năm 2025.pdf,HPG_PCFS_AUD_2025Q1,1
HoaPhat,E:\Project\4_RagPdf\financial-document-qa-rag\data\material\HoaPhat,Báo cáo tài chính hợp nhất năm 2024.pdf,Báo cáo tài chính hợp nhất năm 2024.pdf,local://material/HoaPhat/Báo cáo tài chính hợp nhất năm 2024.pdf,HPG_CFS_2024FY,1
HoaPhat,E:\Project\4_RagPdf\financial-document-qa-rag\data\material\HoaPhat,Báo cáo tài chính hợp nhất Quý I2026.pdf,Báo cáo tài chính hợp nhất Quý I2026.pdf,local://material/HoaPhat/Báo cáo tài chính hợp nhất Quý I2026.pdf,HPG_CFS_2026Q1,1
HoaPhat,E:\Project\4_RagPdf\financial-document-qa-rag\data\material\HoaPhat,Báo cáo tài chính hợp nhất Quý IV năm 2024.pdf,Báo cáo tài chính hợp nhất Quý IV năm 2024.pdf,local://material/HoaPhat/Báo cáo tài chính hợp nhất Quý IV năm 2024.pdf,HPG_CFS_2024Q4,1
HoaPhat,E:\Project\4_RagPdf\financial-document-qa-rag\data\material\HoaPhat,Báo cáo tài chính hợp nhất Qúy I năm 2025.pdf,Báo cáo tài chính hợp nhất Qúy I năm 2025.pdf,local://material/HoaPhat/Báo cáo tài chính hợp nhất Qúy I năm 2025.pdf,HPG_CFS_2025Q1,1
HoaPhat,E:\Project\4_RagPdf\financial-document-qa-rag\data\material\HoaPhat,Báo cáo tài chính hợp nhất Qúy II năm 2025.pdf,Báo cáo tài chính hợp nhất Qúy II năm 2025.pdf,local://material/HoaPhat/Báo cáo tài chính hợp nhất Qúy II năm 2025.pdf,HPG_CFS_2025Q2,1
HoaPhat,E:\Project\4_RagPdf\financial-document-qa-rag\data\material\HoaPhat,Báo cáo tài chính hợp nhất Qúy III năm 2025.pdf,Báo cáo tài chính hợp nhất Qúy III năm 2025.pdf,local://material/HoaPhat/Báo cáo tài chính hợp nhất Qúy III năm 2025.pdf,HPG_CFS_2025Q3,1
HoaPhat,E:\Project\4_RagPdf\financial-document-qa-rag\data\material\HoaPhat,Báo cáo tài chính hợp nhất Qúy IV năm 2025.pdf,Báo cáo tài chính hợp nhất Qúy IV năm 2025.pdf,local://material/HoaPhat/Báo cáo tài chính hợp nhất Qúy IV năm 2025.pdf,HPG_CFS_2025Q4,1
HoaPhat,E:\Project\4_RagPdf\financial-document-qa-rag\data\material\HoaPhat,Báo cáo tài chính hợp nhất đã soát xét 30.06.2025.pdf,Báo cáo tài chính hợp nhất đã soát xét 30.06.2025.pdf,local://material/HoaPhat/Báo cáo tài chính hợp nhất đã soát xét 30.06.2025.pdf,HPG_CFS_2025H1,1
HoaPhat,E:\Project\4_RagPdf\financial-document-qa-rag\data\material\HoaPhat,Báo cáo tài chính riêng Công ty mẹ Quý IV năm 2024.pdf,Báo cáo tài chính riêng Công ty mẹ Quý IV năm 2024.pdf,local://material/HoaPhat/Báo cáo tài chính riêng Công ty mẹ Quý IV năm 2024.pdf,HPG_PCFS_2024Q4,1
HoaPhat,E:\Project\4_RagPdf\financial-document-qa-rag\data\material\HoaPhat,Báo cáo tài chính riêng Quý I2026.pdf,Báo cáo tài chính riêng Quý I2026.pdf,local://material/HoaPhat/Báo cáo tài chính riêng Quý I2026.pdf,HPG_PCFS_2026Q1,1
HoaPhat,E:\Project\4_RagPdf\financial-document-qa-rag\data\material\HoaPhat,Báo cáo tài chính riêng Qúy II năm 2025.pdf,Báo cáo tài chính riêng Qúy II năm 2025.pdf,local://material/HoaPhat/Báo cáo tài chính riêng Qúy II năm 2025.pdf,HPG_PCFS_2025Q2,1
HoaPhat,E:\Project\4_RagPdf\financial-document-qa-rag\data\material\HoaPhat,Báo cáo tài chính riêng Qúy III năm 2025.pdf,Báo cáo tài chính riêng Qúy III năm 2025.pdf,local://material/HoaPhat/Báo cáo tài chính riêng Qúy III năm 2025.pdf,HPG_PCFS_2025Q3,1
HoaPhat,E:\Project\4_RagPdf\financial-document-qa-rag\data\material\HoaPhat,Báo cáo tài chính riêng Qúy IV năm 2025.pdf,Báo cáo tài chính riêng Qúy IV năm 2025.pdf,local://material/HoaPhat/Báo cáo tài chính riêng Qúy IV năm 2025.pdf,HPG_PCFS_2025Q4,1
HoaPhat,E:\Project\4_RagPdf\financial-document-qa-rag\data\material\HoaPhat,Báo cáo tài chính riêng đã soát xét 30.06.2025.pdf,Báo cáo tài chính riêng đã soát xét 30.06.2025.pdf,local://material/HoaPhat/Báo cáo tài chính riêng đã soát xét 30.06.2025.pdf,HPG_PCFS_2025H1,1
HoaPhat,E:\Project\4_RagPdf\financial-document-qa-rag\data\material\HoaPhat,Bản cáo bạch Tập đoàn Hòa Phát.pdf,Bản cáo bạch Tập đoàn Hòa Phát.pdf,local://material/HoaPhat/Bản cáo bạch Tập đoàn Hòa Phát.pdf,HPG_PRO,1
HoaPhat,E:\Project\4_RagPdf\financial-document-qa-rag\data\material\HoaPhat,CBTT - Công văn giải trình BCTC kiểm toán Công ty mẹ năm 2025.pdf,CBTT - Công văn giải trình BCTC kiểm toán Công ty mẹ năm 2025.pdf,local://material/HoaPhat/CBTT - Công văn giải trình BCTC kiểm toán Công ty mẹ năm 2025.pdf,HPG_EXP_PCFS_AU_2025FY,1
HoaPhat,E:\Project\4_RagPdf\financial-document-qa-rag\data\material\HoaPhat,CBTT - Công văn giải trình BCTC kiểm toán hợp nhất năm 2025.pdf,CBTT - Công văn giải trình BCTC kiểm toán hợp nhất năm 2025.pdf,local://material/HoaPhat/CBTT - Công văn giải trình BCTC kiểm toán hợp nhất năm 2025.pdf,HPG_EXP_CFS_AU_2025FY,1
HoaPhat,E:\Project\4_RagPdf\financial-document-qa-rag\data\material\HoaPhat,Giải trình KQKD báo cáo tài chính Công ty mẹ năm 2024.pdf,Giải trình KQKD báo cáo tài chính Công ty mẹ năm 2024.pdf,local://material/HoaPhat/Giải trình KQKD báo cáo tài chính Công ty mẹ năm 2024.pdf,HPG_EXP_BR_PCFS_2024FY,1
HoaPhat,E:\Project\4_RagPdf\financial-document-qa-rag\data\material\HoaPhat,Giải trình KQKD báo cáo tài chính hợp nhất năm 2024.pdf,Giải trình KQKD báo cáo tài chính hợp nhất năm 2024.pdf,local://material/HoaPhat/Giải trình KQKD báo cáo tài chính hợp nhất năm 2024.pdf,HPG_EXP_BR_CFS_2024FY,1
HoaPhat,E:\Project\4_RagPdf\financial-document-qa-rag\data\material\HoaPhat,Giải trình KQKD hợp nhất 6 tháng đầu năm 2025.pdf,Giải trình KQKD hợp nhất 6 tháng đầu năm 2025.pdf,local://material/HoaPhat/Giải trình KQKD hợp nhất 6 tháng đầu năm 2025.pdf,HPG_EXP_BR_CFS_2025FY,1
HoaPhat,E:\Project\4_RagPdf\financial-document-qa-rag\data\material\HoaPhat,Phụ lục I Giấy chứng nhận đăng ký kinh doanh.pdf,Phụ lục I Giấy chứng nhận đăng ký kinh doanh.pdf,local://material/HoaPhat/Phụ lục I Giấy chứng nhận đăng ký kinh doanh.pdf,HPG_AN1_BRC,1
HoaPhat,E:\Project\4_RagPdf\financial-document-qa-rag\data\material\HoaPhat,Phụ lục II Điều lệ công ty.pdf,Phụ lục II Điều lệ công ty.pdf,local://material/HoaPhat/Phụ lục II Điều lệ công ty.pdf,HPG_AN2_AOA,1
HoaPhat,E:\Project\4_RagPdf\financial-document-qa-rag\data\material\HoaPhat,Phụ lục III Báo cáo kiểm toán năm 2005.pdf,Phụ lục III Báo cáo kiểm toán năm 2005.pdf,local://material/HoaPhat/Phụ lục III Báo cáo kiểm toán năm 2005.pdf,HPG_AN3_AUR_2025FY,1
HoaPhat,E:\Project\4_RagPdf\financial-document-qa-rag\data\material\HoaPhat,Phụ lục IV Báo cáo kiểm toán năm 2006.pdf,Phụ lục IV Báo cáo kiểm toán năm 2006.pdf,local://material/HoaPhat/Phụ lục IV Báo cáo kiểm toán năm 2006.pdf,HPG_AN4_AUR_2006FY,1
HoaPhat,E:\Project\4_RagPdf\financial-document-qa-rag\data\material\HoaPhat,Phụ lục V Báo cáo kiểm toán Qúy I năm 2007.pdf,Phụ lục V Báo cáo kiểm toán Qúy I năm 2007.pdf,local://material/HoaPhat/Phụ lục V Báo cáo kiểm toán Qúy I năm 2007.pdf,HPG_AN5_AUR_2007Q1,1
HoaPhat,E:\Project\4_RagPdf\financial-document-qa-rag\data\material\HoaPhat,Phụ lục VI Báo cáo tình hình góp vốn.pdf,Phụ lục VI Báo cáo tình hình góp vốn.pdf,local://material/HoaPhat/Phụ lục VI Báo cáo tình hình góp vốn.pdf,HPG_AN6_CAP,1
HoaPhat,E:\Project\4_RagPdf\financial-document-qa-rag\data\material\HoaPhat,Tổng quan tình hình kinh doanh Quý I2026.pdf,Tổng quan tình hình kinh doanh Quý I2026.pdf,local://material/HoaPhat/Tổng quan tình hình kinh doanh Quý I2026.pdf,HPG_BUO_2026Q1,1
HoaPhat,E:\Project\4_RagPdf\financial-document-qa-rag\data\material\HoaPhat,Tổng quan tình hình kinh doanh Quý IV năm 2024.pdf,Tổng quan tình hình kinh doanh Quý IV năm 2024.pdf,local://material/HoaPhat/Tổng quan tình hình kinh doanh Quý IV năm 2024.pdf,HPG_BUO_2024Q4,1
HoaPhat,E:\Project\4_RagPdf\financial-document-qa-rag\data\material\HoaPhat,Tổng quan tình hình kinh doanh Qúy I năm 2025.pdf,Tổng quan tình hình kinh doanh Qúy I năm 2025.pdf,local://material/HoaPhat/Tổng quan tình hình kinh doanh Qúy I năm 2025.pdf,HPG_BUO_2025Q1,1
HoaPhat,E:\Project\4_RagPdf\financial-document-qa-rag\data\material\HoaPhat,Tổng quan tình hình kinh doanh Qúy II năm 2025.pdf,Tổng quan tình hình kinh doanh Qúy II năm 2025.pdf,local://material/HoaPhat/Tổng quan tình hình kinh doanh Qúy II năm 2025.pdf,HPG_BUO_2025Q2,1
HoaPhat,E:\Project\4_RagPdf\financial-document-qa-rag\data\material\HoaPhat,Tổng quan tình hình kinh doanh Qúy III năm 2025.pdf,Tổng quan tình hình kinh doanh Qúy III năm 2025.pdf,local://material/HoaPhat/Tổng quan tình hình kinh doanh Qúy III năm 2025.pdf,HPG_BUO_2025Q3,1
HoaPhat,E:\Project\4_RagPdf\financial-document-qa-rag\data\material\HoaPhat,Tổng quan tình hình kinh doanh Qúy IV năm 2025.pdf,Tổng quan tình hình kinh doanh Qúy IV năm 2025.pdf,local://material/HoaPhat/Tổng quan tình hình kinh doanh Qúy IV năm 2025.pdf,HPG_BUO_2025Q4,1
TheGioiDiDong,E:\Project\4_RagPdf\financial-document-qa-rag\data\material\TheGioiDiDong,Báo cáo kết quả giao dịch cổ phiếu của người liên quan của người nội bộ _Nguyễn Thị Thu Tâm 27032024 27032024.pdf,Báo cáo kết quả giao dịch cổ phiếu của người liên quan của người nội bộ _Nguyễn Thị Thu Tâm 27032024 27032024.pdf,local://material/TheGioiDiDong/Báo cáo kết quả giao dịch cổ phiếu của người liên quan của người nội bộ _Nguyễn Thị Thu Tâm 27032024 27032024.pdf,x,0
TheGioiDiDong,E:\Project\4_RagPdf\financial-document-qa-rag\data\material\TheGioiDiDong,Báo Cáo Kết Quả Giao Dịch Cổ Phiếu Của Người Liên Quan Người Nội Bộ - Quỹ Mái Ấm Thế Giới Di Động 15092025 15092025.pdf,Báo Cáo Kết Quả Giao Dịch Cổ Phiếu Của Người Liên Quan Người Nội Bộ - Quỹ Mái Ấm Thế Giới Di Động 15092025 15092025.pdf,local://material/TheGioiDiDong/Báo Cáo Kết Quả Giao Dịch Cổ Phiếu Của Người Liên Quan Người Nội Bộ - Quỹ Mái Ấm Thế Giới Di Động 15092025 15092025.pdf,x,0
TheGioiDiDong,E:\Project\4_RagPdf\financial-document-qa-rag\data\material\TheGioiDiDong,Báo Cáo Kết Quả Giao Dịch Cổ Phiếu Của Người Liên Quan Người Nội Bộ - Trịnh Quang Khải 10072026 10072026.pdf,Báo Cáo Kết Quả Giao Dịch Cổ Phiếu Của Người Liên Quan Người Nội Bộ - Trịnh Quang Khải 10072026 10072026.pdf,local://material/TheGioiDiDong/Báo Cáo Kết Quả Giao Dịch Cổ Phiếu Của Người Liên Quan Người Nội Bộ - Trịnh Quang Khải 10072026 10072026.pdf,x,0
TheGioiDiDong,E:\Project\4_RagPdf\financial-document-qa-rag\data\material\TheGioiDiDong,Báo Cáo Kết Quả Giao Dịch Cổ Phiếu Của Người Nội Bộ - Lê Thị Thu Trang 10072026 10072026.pdf,Báo Cáo Kết Quả Giao Dịch Cổ Phiếu Của Người Nội Bộ - Lê Thị Thu Trang 10072026 10072026.pdf,local://material/TheGioiDiDong/Báo Cáo Kết Quả Giao Dịch Cổ Phiếu Của Người Nội Bộ - Lê Thị Thu Trang 10072026 10072026.pdf,x,0
TheGioiDiDong,E:\Project\4_RagPdf\financial-document-qa-rag\data\material\TheGioiDiDong,Báo Cáo Kết Quả Giao Dịch Cổ Phiếu Của Người Nội Bộ - Lê Thị Thu Trang 11042025 11042025.pdf,Báo Cáo Kết Quả Giao Dịch Cổ Phiếu Của Người Nội Bộ - Lê Thị Thu Trang 11042025 11042025.pdf,local://material/TheGioiDiDong/Báo Cáo Kết Quả Giao Dịch Cổ Phiếu Của Người Nội Bộ - Lê Thị Thu Trang 11042025 11042025.pdf,x,0
TheGioiDiDong,E:\Project\4_RagPdf\financial-document-qa-rag\data\material\TheGioiDiDong,Báo Cáo Kết Quả Giao Dịch Cổ Phiếu Của Người Nội Bộ - Lý Trần Kim Ngân 10072026 10072026.pdf,Báo Cáo Kết Quả Giao Dịch Cổ Phiếu Của Người Nội Bộ - Lý Trần Kim Ngân 10072026 10072026.pdf,local://material/TheGioiDiDong/Báo Cáo Kết Quả Giao Dịch Cổ Phiếu Của Người Nội Bộ - Lý Trần Kim Ngân 10072026 10072026.pdf,x,0
TheGioiDiDong,E:\Project\4_RagPdf\financial-document-qa-rag\data\material\TheGioiDiDong,Báo Cáo Kết Quả Giao Dịch Cổ Phiếu Của Người Nội Bộ - Lý Trần Kim Ngân 11042025 11042025.pdf,Báo Cáo Kết Quả Giao Dịch Cổ Phiếu Của Người Nội Bộ - Lý Trần Kim Ngân 11042025 11042025.pdf,local://material/TheGioiDiDong/Báo Cáo Kết Quả Giao Dịch Cổ Phiếu Của Người Nội Bộ - Lý Trần Kim Ngân 11042025 11042025.pdf,x,0
TheGioiDiDong,E:\Project\4_RagPdf\financial-document-qa-rag\data\material\TheGioiDiDong,Báo Cáo Kết Quả Giao Dịch Cổ Phiếu Của Người Nội Bộ - Nguyễn Thị Thu Thảo 11042025 11042025.pdf,Báo Cáo Kết Quả Giao Dịch Cổ Phiếu Của Người Nội Bộ - Nguyễn Thị Thu Thảo 11042025 11042025.pdf,local://material/TheGioiDiDong/Báo Cáo Kết Quả Giao Dịch Cổ Phiếu Của Người Nội Bộ - Nguyễn Thị Thu Thảo 11042025 11042025.pdf,x,0
TheGioiDiDong,E:\Project\4_RagPdf\financial-document-qa-rag\data\material\TheGioiDiDong,Báo Cáo Kết Quả Giao Dịch Cổ Phiếu Của Người Nội Bộ - Phạm Văn Trọng 08092025 08092025.pdf,Báo Cáo Kết Quả Giao Dịch Cổ Phiếu Của Người Nội Bộ - Phạm Văn Trọng 08092025 08092025.pdf,local://material/TheGioiDiDong/Báo Cáo Kết Quả Giao Dịch Cổ Phiếu Của Người Nội Bộ - Phạm Văn Trọng 08092025 08092025.pdf,x,0
TheGioiDiDong,E:\Project\4_RagPdf\financial-document-qa-rag\data\material\TheGioiDiDong,Báo Cáo Kết Quả Giao Dịch Cổ Phiếu Của Người Nội Bộ - Phạm Văn Trọng 19062025 19062025.pdf,Báo Cáo Kết Quả Giao Dịch Cổ Phiếu Của Người Nội Bộ - Phạm Văn Trọng 19062025 19062025.pdf,local://material/TheGioiDiDong/Báo Cáo Kết Quả Giao Dịch Cổ Phiếu Của Người Nội Bộ - Phạm Văn Trọng 19062025 19062025.pdf,x,0
TheGioiDiDong,E:\Project\4_RagPdf\financial-document-qa-rag\data\material\TheGioiDiDong,Báo Cáo Kết Quả Giao Dịch Cổ Phiếu Của Người Nội Bộ - Trịnh Quang Khải 11042025 11042025.pdf,Báo Cáo Kết Quả Giao Dịch Cổ Phiếu Của Người Nội Bộ - Trịnh Quang Khải 11042025 11042025.pdf,local://material/TheGioiDiDong/Báo Cáo Kết Quả Giao Dịch Cổ Phiếu Của Người Nội Bộ - Trịnh Quang Khải 11042025 11042025.pdf,x,0
TheGioiDiDong,E:\Project\4_RagPdf\financial-document-qa-rag\data\material\TheGioiDiDong,Báo Cáo Kết Quả Giao Dịch Cổ Phiếu Của Người Nội Bộ - Vũ Đăng Linh 10072026 10072026.pdf,Báo Cáo Kết Quả Giao Dịch Cổ Phiếu Của Người Nội Bộ - Vũ Đăng Linh 10072026 10072026.pdf,local://material/TheGioiDiDong/Báo Cáo Kết Quả Giao Dịch Cổ Phiếu Của Người Nội Bộ - Vũ Đăng Linh 10072026 10072026.pdf,x,0
TheGioiDiDong,E:\Project\4_RagPdf\financial-document-qa-rag\data\material\TheGioiDiDong,Báo Cáo Kết Quả Giao Dịch Cổ Phiếu Của Người Nội Bộ - Vũ Đăng Linh 11042025 11042025.pdf,Báo Cáo Kết Quả Giao Dịch Cổ Phiếu Của Người Nội Bộ - Vũ Đăng Linh 11042025 11042025.pdf,local://material/TheGioiDiDong/Báo Cáo Kết Quả Giao Dịch Cổ Phiếu Của Người Nội Bộ - Vũ Đăng Linh 11042025 11042025.pdf,x,0
TheGioiDiDong,E:\Project\4_RagPdf\financial-document-qa-rag\data\material\TheGioiDiDong,Báo Cáo Kết Quả Giao Dịch Cổ Phiếu Của Người Nội Bộ - Đoàn Văn Hiểu Em 07072026 07072026.pdf,Báo Cáo Kết Quả Giao Dịch Cổ Phiếu Của Người Nội Bộ - Đoàn Văn Hiểu Em 07072026 07072026.pdf,local://material/TheGioiDiDong/Báo Cáo Kết Quả Giao Dịch Cổ Phiếu Của Người Nội Bộ - Đoàn Văn Hiểu Em 07072026 07072026.pdf,x,0
TheGioiDiDong,E:\Project\4_RagPdf\financial-document-qa-rag\data\material\TheGioiDiDong,Báo Cáo Kết Quả Giao Dịch Cổ Phiếu Của Người Nội Bộ - Đoàn Văn Hiểu Em 11042025 11042025.pdf,Báo Cáo Kết Quả Giao Dịch Cổ Phiếu Của Người Nội Bộ - Đoàn Văn Hiểu Em 11042025 11042025.pdf,local://material/TheGioiDiDong/Báo Cáo Kết Quả Giao Dịch Cổ Phiếu Của Người Nội Bộ - Đoàn Văn Hiểu Em 11042025 11042025.pdf,x,0
TheGioiDiDong,E:\Project\4_RagPdf\financial-document-qa-rag\data\material\TheGioiDiDong,Báo Cáo Kết Quả Giao Dịch Cổ Phiếu Của Người Nội Bộ - Đoàn Văn Hiểu Em 21052026 21052026.pdf,Báo Cáo Kết Quả Giao Dịch Cổ Phiếu Của Người Nội Bộ - Đoàn Văn Hiểu Em 21052026 21052026.pdf,local://material/TheGioiDiDong/Báo Cáo Kết Quả Giao Dịch Cổ Phiếu Của Người Nội Bộ - Đoàn Văn Hiểu Em 21052026 21052026.pdf,x,0
TheGioiDiDong,E:\Project\4_RagPdf\financial-document-qa-rag\data\material\TheGioiDiDong,Báo cáo kết quả giao dịch cổ phiếu của Người nội bộ_Nguyễn Đức Tài 10012024 10012024.pdf,Báo cáo kết quả giao dịch cổ phiếu của Người nội bộ_Nguyễn Đức Tài 10012024 10012024.pdf,local://material/TheGioiDiDong/Báo cáo kết quả giao dịch cổ phiếu của Người nội bộ_Nguyễn Đức Tài 10012024 10012024.pdf,x,0
TheGioiDiDong,E:\Project\4_RagPdf\financial-document-qa-rag\data\material\TheGioiDiDong,Báo cáo kết quả giao dịch cổ phiếu của Người nội bộ_Nguyễn Đức Tài 19062024 19062024.pdf,Báo cáo kết quả giao dịch cổ phiếu của Người nội bộ_Nguyễn Đức Tài 19062024 19062024.pdf,local://material/TheGioiDiDong/Báo cáo kết quả giao dịch cổ phiếu của Người nội bộ_Nguyễn Đức Tài 19062024 19062024.pdf,x,0
TheGioiDiDong,E:\Project\4_RagPdf\financial-document-qa-rag\data\material\TheGioiDiDong,Báo cáo kết quả giao dịch cổ phiếu của Người nội bộ_Nguyễn Đức Tài 20092024 20092024.pdf,Báo cáo kết quả giao dịch cổ phiếu của Người nội bộ_Nguyễn Đức Tài 20092024 20092024.pdf,local://material/TheGioiDiDong/Báo cáo kết quả giao dịch cổ phiếu của Người nội bộ_Nguyễn Đức Tài 20092024 20092024.pdf,x,0
TheGioiDiDong,E:\Project\4_RagPdf\financial-document-qa-rag\data\material\TheGioiDiDong,Báo cáo kết quả giao dịch cổ phiếu của Người nội bộ_Robert Alan Willett 27032024 27032024.pdf,Báo cáo kết quả giao dịch cổ phiếu của Người nội bộ_Robert Alan Willett 27032024 27032024.pdf,local://material/TheGioiDiDong/Báo cáo kết quả giao dịch cổ phiếu của Người nội bộ_Robert Alan Willett 27032024 27032024.pdf,x,0
TheGioiDiDong,E:\Project\4_RagPdf\financial-document-qa-rag\data\material\TheGioiDiDong,Báo cáo kết quả giao dịch cổ phiếu của Người nội bộ_Đặng Minh Lượm 22102024 22102024.pdf,Báo cáo kết quả giao dịch cổ phiếu của Người nội bộ_Đặng Minh Lượm 22102024 22102024.pdf,local://material/TheGioiDiDong/Báo cáo kết quả giao dịch cổ phiếu của Người nội bộ_Đặng Minh Lượm 22102024 22102024.pdf,x,0
TheGioiDiDong,E:\Project\4_RagPdf\financial-document-qa-rag\data\material\TheGioiDiDong,Báo Cáo Kết Quả Giao Dịch Mua Lại Cổ Phiếu Quỹ 04032024 04032024.pdf,Báo Cáo Kết Quả Giao Dịch Mua Lại Cổ Phiếu Quỹ 04032024 04032024.pdf,local://material/TheGioiDiDong/Báo Cáo Kết Quả Giao Dịch Mua Lại Cổ Phiếu Quỹ 04032024 04032024.pdf,x,0
TheGioiDiDong,E:\Project\4_RagPdf\financial-document-qa-rag\data\material\TheGioiDiDong,Báo Cáo Kết Quả Giao Dịch Mua Lại Cổ Phiếu Quỹ 06022026 06022026.pdf,Báo Cáo Kết Quả Giao Dịch Mua Lại Cổ Phiếu Quỹ 06022026 06022026.pdf,local://material/TheGioiDiDong/Báo Cáo Kết Quả Giao Dịch Mua Lại Cổ Phiếu Quỹ 06022026 06022026.pdf,x,0
TheGioiDiDong,E:\Project\4_RagPdf\financial-document-qa-rag\data\material\TheGioiDiDong,Báo Cáo Kết Quả Giao Dịch Mua Lại Cổ Phiếu Quỹ 28062024 28062024.pdf,Báo Cáo Kết Quả Giao Dịch Mua Lại Cổ Phiếu Quỹ 28062024 28062024.pdf,local://material/TheGioiDiDong/Báo Cáo Kết Quả Giao Dịch Mua Lại Cổ Phiếu Quỹ 28062024 28062024.pdf,x,0
TheGioiDiDong,E:\Project\4_RagPdf\financial-document-qa-rag\data\material\TheGioiDiDong,Báo Cáo Kết Quả Giảm Vốn Điều Lệ 17052024 17052024.pdf,Báo Cáo Kết Quả Giảm Vốn Điều Lệ 17052024 17052024.pdf,local://material/TheGioiDiDong/Báo Cáo Kết Quả Giảm Vốn Điều Lệ 17052024 17052024.pdf,x,0
TheGioiDiDong,E:\Project\4_RagPdf\financial-document-qa-rag\data\material\TheGioiDiDong,Báo Cáo Kết Quả Mua Lại Cổ Phiếu Quỹ 12122025 12122025.pdf,Báo Cáo Kết Quả Mua Lại Cổ Phiếu Quỹ 12122025 12122025.pdf,local://material/TheGioiDiDong/Báo Cáo Kết Quả Mua Lại Cổ Phiếu Quỹ 12122025 12122025.pdf,x,0
TheGioiDiDong,E:\Project\4_RagPdf\financial-document-qa-rag\data\material\TheGioiDiDong,Báo Cáo Kết Quả Mua Lại Cổ Phiếu Quỹ 21072025 21072025.pdf,Báo Cáo Kết Quả Mua Lại Cổ Phiếu Quỹ 21072025 21072025.pdf,local://material/TheGioiDiDong/Báo Cáo Kết Quả Mua Lại Cổ Phiếu Quỹ 21072025 21072025.pdf,x,0
TheGioiDiDong,E:\Project\4_RagPdf\financial-document-qa-rag\data\material\TheGioiDiDong,Báo Cáo Kết Quả Mua Lại Cổ Phiếu Quỹ 24062025 24062025.pdf,Báo Cáo Kết Quả Mua Lại Cổ Phiếu Quỹ 24062025 24062025.pdf,local://material/TheGioiDiDong/Báo Cáo Kết Quả Mua Lại Cổ Phiếu Quỹ 24062025 24062025.pdf,x,0
TheGioiDiDong,E:\Project\4_RagPdf\financial-document-qa-rag\data\material\TheGioiDiDong,Báo Cáo Kết Quả Mua Lại Cổ Phiếu Quỹ 27122024 27122024.pdf,Báo Cáo Kết Quả Mua Lại Cổ Phiếu Quỹ 27122024 27122024.pdf,local://material/TheGioiDiDong/Báo Cáo Kết Quả Mua Lại Cổ Phiếu Quỹ 27122024 27122024.pdf,x,0
TheGioiDiDong,E:\Project\4_RagPdf\financial-document-qa-rag\data\material\TheGioiDiDong,Báo Cáo Kết Quả Mua Lại Cổ Phiếu Quỹ 31122025 31122025.pdf,Báo Cáo Kết Quả Mua Lại Cổ Phiếu Quỹ 31122025 31122025.pdf,local://material/TheGioiDiDong/Báo Cáo Kết Quả Mua Lại Cổ Phiếu Quỹ 31122025 31122025.pdf,x,0
TheGioiDiDong,E:\Project\4_RagPdf\financial-document-qa-rag\data\material\TheGioiDiDong,Báo Cáo Kết Quả Phát Hành Cổ Phiếu ESOP 19042025 19042025.pdf,Báo Cáo Kết Quả Phát Hành Cổ Phiếu ESOP 19042025 19042025.pdf,local://material/TheGioiDiDong/Báo Cáo Kết Quả Phát Hành Cổ Phiếu ESOP 19042025 19042025.pdf,x,0
TheGioiDiDong,E:\Project\4_RagPdf\financial-document-qa-rag\data\material\TheGioiDiDong,Báo Cáo Kết Quả Phát Hành Cổ Phiếu ESOP 2025 11072026 11072026.pdf,Báo Cáo Kết Quả Phát Hành Cổ Phiếu ESOP 2025 11072026 11072026.pdf,local://material/TheGioiDiDong/Báo Cáo Kết Quả Phát Hành Cổ Phiếu ESOP 2025 11072026 11072026.pdf,x,0
TheGioiDiDong,E:\Project\4_RagPdf\financial-document-qa-rag\data\material\TheGioiDiDong,Báo Cáo Phát Triển Bền Vững 2023 27032024 27032024.pdf,Báo Cáo Phát Triển Bền Vững 2023 27032024 27032024.pdf,local://material/TheGioiDiDong/Báo Cáo Phát Triển Bền Vững 2023 27032024 27032024.pdf,MWG_SR_2023FY,1
TheGioiDiDong,E:\Project\4_RagPdf\financial-document-qa-rag\data\material\TheGioiDiDong,Báo Cáo Phát Triển Bền Vững Năm 2024 04042025 04042025.pdf,Báo Cáo Phát Triển Bền Vững Năm 2024 04042025 04042025.pdf,local://material/TheGioiDiDong/Báo Cáo Phát Triển Bền Vững Năm 2024 04042025 04042025.pdf,MWG_SR_2024FY,1
TheGioiDiDong,E:\Project\4_RagPdf\financial-document-qa-rag\data\material\TheGioiDiDong,Báo Cáo Phát Triển Bền Vững Năm 2025 25032026 25032026.pdf,Báo Cáo Phát Triển Bền Vững Năm 2025 25032026 25032026.pdf,local://material/TheGioiDiDong/Báo Cáo Phát Triển Bền Vững Năm 2025 25032026 25032026.pdf,MWG_SR_2025FY,1
TheGioiDiDong,E:\Project\4_RagPdf\financial-document-qa-rag\data\material\TheGioiDiDong,Báo Cáo Thay Đổi Sở Hữu Của Nhà Đầu Tư Lớn 03052024 03052024.pdf,Báo Cáo Thay Đổi Sở Hữu Của Nhà Đầu Tư Lớn 03052024 03052024.pdf,local://material/TheGioiDiDong/Báo Cáo Thay Đổi Sở Hữu Của Nhà Đầu Tư Lớn 03052024 03052024.pdf,x,0
TheGioiDiDong,E:\Project\4_RagPdf\financial-document-qa-rag\data\material\TheGioiDiDong,Báo Cáo Thay Đổi Sở Hữu Của Nhóm Nhà Đầu Tư Nước Ngoài 01082024 01082024.pdf,Báo Cáo Thay Đổi Sở Hữu Của Nhóm Nhà Đầu Tư Nước Ngoài 01082024 01082024.pdf,local://material/TheGioiDiDong/Báo Cáo Thay Đổi Sở Hữu Của Nhóm Nhà Đầu Tư Nước Ngoài 01082024 01082024.pdf,x,0
TheGioiDiDong,E:\Project\4_RagPdf\financial-document-qa-rag\data\material\TheGioiDiDong,Báo Cáo Thay Đổi Sở Hữu Của Nhóm Nhà Đầu Tư Nước Ngoài 10062024 10062024.pdf,Báo Cáo Thay Đổi Sở Hữu Của Nhóm Nhà Đầu Tư Nước Ngoài 10062024 10062024.pdf,local://material/TheGioiDiDong/Báo Cáo Thay Đổi Sở Hữu Của Nhóm Nhà Đầu Tư Nước Ngoài 10062024 10062024.pdf,x,0
TheGioiDiDong,E:\Project\4_RagPdf\financial-document-qa-rag\data\material\TheGioiDiDong,Báo Cáo Thay Đổi Sở Hữu Của Nhóm Nhà Đầu Tư Nước Ngoài 23072024 23072024.pdf,Báo Cáo Thay Đổi Sở Hữu Của Nhóm Nhà Đầu Tư Nước Ngoài 23072024 23072024.pdf,local://material/TheGioiDiDong/Báo Cáo Thay Đổi Sở Hữu Của Nhóm Nhà Đầu Tư Nước Ngoài 23072024 23072024.pdf,x,0
TheGioiDiDong,E:\Project\4_RagPdf\financial-document-qa-rag\data\material\TheGioiDiDong,Báo Cáo Thay Đổi Sở Hữu Của Nhóm Nhà Đầu Tư Nước Ngoài 24072024 24072024.pdf,Báo Cáo Thay Đổi Sở Hữu Của Nhóm Nhà Đầu Tư Nước Ngoài 24072024 24072024.pdf,local://material/TheGioiDiDong/Báo Cáo Thay Đổi Sở Hữu Của Nhóm Nhà Đầu Tư Nước Ngoài 24072024 24072024.pdf,x,0
TheGioiDiDong,E:\Project\4_RagPdf\financial-document-qa-rag\data\material\TheGioiDiDong,Báo Cáo Thường Niên 2024 04042025 04042025.pdf,Báo Cáo Thường Niên 2024 04042025 04042025.pdf,local://material/TheGioiDiDong/Báo Cáo Thường Niên 2024 04042025 04042025.pdf,MWG_AR_2024FY,1
TheGioiDiDong,E:\Project\4_RagPdf\financial-document-qa-rag\data\material\TheGioiDiDong,Báo Cáo Thường Niên 2025 25032026 25032026.pdf,Báo Cáo Thường Niên 2025 25032026 25032026.pdf,local://material/TheGioiDiDong/Báo Cáo Thường Niên 2025 25032026 25032026.pdf,MWG_AR_2025FY,1
TheGioiDiDong,E:\Project\4_RagPdf\financial-document-qa-rag\data\material\TheGioiDiDong,Báo Cáo Thường Niên Năm 2023 27032024 27032024.pdf,Báo Cáo Thường Niên Năm 2023 27032024 27032024.pdf,local://material/TheGioiDiDong/Báo Cáo Thường Niên Năm 2023 27032024 27032024.pdf,MWG_AR_2023FY,1
TheGioiDiDong,E:\Project\4_RagPdf\financial-document-qa-rag\data\material\TheGioiDiDong,Báo Cáo Tài Chính Hợp Nhất Bán Niên 2025 28082025 28082025.pdf,Báo Cáo Tài Chính Hợp Nhất Bán Niên 2025 28082025 28082025.pdf,local://material/TheGioiDiDong/Báo Cáo Tài Chính Hợp Nhất Bán Niên 2025 28082025 28082025.pdf,MWG_CFS_2025H1,1
TheGioiDiDong,E:\Project\4_RagPdf\financial-document-qa-rag\data\material\TheGioiDiDong,Báo Cáo Tài Chính Hợp Nhất Kiểm Toán Năm 2023 20032024 20032024.pdf,Báo Cáo Tài Chính Hợp Nhất Kiểm Toán Năm 2023 20032024 20032024.pdf,local://material/TheGioiDiDong/Báo Cáo Tài Chính Hợp Nhất Kiểm Toán Năm 2023 20032024 20032024.pdf,MWG_CFS_2023H1,1
TheGioiDiDong,E:\Project\4_RagPdf\financial-document-qa-rag\data\material\TheGioiDiDong,Báo Cáo Tài Chính Hợp Nhất Kiểm Toán Năm 2024 24032025 24032025.pdf,Báo Cáo Tài Chính Hợp Nhất Kiểm Toán Năm 2024 24032025 24032025.pdf,local://material/TheGioiDiDong/Báo Cáo Tài Chính Hợp Nhất Kiểm Toán Năm 2024 24032025 24032025.pdf,MWG_CFS_2024H1,1
TheGioiDiDong,E:\Project\4_RagPdf\financial-document-qa-rag\data\material\TheGioiDiDong,Báo Cáo Tài Chính Hợp Nhất Kiểm Toán Năm 2025 23032026 23032026.pdf,Báo Cáo Tài Chính Hợp Nhất Kiểm Toán Năm 2025 23032026 23032026.pdf,local://material/TheGioiDiDong/Báo Cáo Tài Chính Hợp Nhất Kiểm Toán Năm 2025 23032026 23032026.pdf,MWG_CFS_2025FY,1
TheGioiDiDong,E:\Project\4_RagPdf\financial-document-qa-rag\data\material\TheGioiDiDong,Báo Cáo Tài Chính Hợp Nhất Quý 1 Năm 2024 29042024 29042024.pdf,Báo Cáo Tài Chính Hợp Nhất Quý 1 Năm 2024 29042024 29042024.pdf,local://material/TheGioiDiDong/Báo Cáo Tài Chính Hợp Nhất Quý 1 Năm 2024 29042024 29042024.pdf,MWG_CFS_2024Q1,1
TheGioiDiDong,E:\Project\4_RagPdf\financial-document-qa-rag\data\material\TheGioiDiDong,Báo Cáo Tài Chính Hợp Nhất Quý 1 Năm 2025 26042025 26042025.pdf,Báo Cáo Tài Chính Hợp Nhất Quý 1 Năm 2025 26042025 26042025.pdf,local://material/TheGioiDiDong/Báo Cáo Tài Chính Hợp Nhất Quý 1 Năm 2025 26042025 26042025.pdf,MWG_CFS_2025Q1,1
TheGioiDiDong,E:\Project\4_RagPdf\financial-document-qa-rag\data\material\TheGioiDiDong,Báo Cáo Tài Chính Hợp Nhất Quý 1 Năm 2026 24042026 24042026.pdf,Báo Cáo Tài Chính Hợp Nhất Quý 1 Năm 2026 24042026 24042026.pdf,local://material/TheGioiDiDong/Báo Cáo Tài Chính Hợp Nhất Quý 1 Năm 2026 24042026 24042026.pdf,MWG_CFS_2026Q1,1
TheGioiDiDong,E:\Project\4_RagPdf\financial-document-qa-rag\data\material\TheGioiDiDong,Báo Cáo Tài Chính Hợp Nhất Quý 2 Năm 2024 30072024 30072024.pdf,Báo Cáo Tài Chính Hợp Nhất Quý 2 Năm 2024 30072024 30072024.pdf,local://material/TheGioiDiDong/Báo Cáo Tài Chính Hợp Nhất Quý 2 Năm 2024 30072024 30072024.pdf,MWG_CFS_2024Q2,1
TheGioiDiDong,E:\Project\4_RagPdf\financial-document-qa-rag\data\material\TheGioiDiDong,Báo Cáo Tài Chính Hợp Nhất Quý 2 Năm 2025 29072025 29072025.pdf,Báo Cáo Tài Chính Hợp Nhất Quý 2 Năm 2025 29072025 29072025.pdf,local://material/TheGioiDiDong/Báo Cáo Tài Chính Hợp Nhất Quý 2 Năm 2025 29072025 29072025.pdf,MWG_CFS_2025Q2,1
TheGioiDiDong,E:\Project\4_RagPdf\financial-document-qa-rag\data\material\TheGioiDiDong,Báo Cáo Tài Chính Hợp Nhất Quý 3 Năm 2024 30102024 30102024.pdf,Báo Cáo Tài Chính Hợp Nhất Quý 3 Năm 2024 30102024 30102024.pdf,local://material/TheGioiDiDong/Báo Cáo Tài Chính Hợp Nhất Quý 3 Năm 2024 30102024 30102024.pdf,MWG_CFS_2024Q3,1
TheGioiDiDong,E:\Project\4_RagPdf\financial-document-qa-rag\data\material\TheGioiDiDong,Báo Cáo Tài Chính Hợp Nhất Quý 3 Năm 2025 22102025 22102025.pdf,Báo Cáo Tài Chính Hợp Nhất Quý 3 Năm 2025 22102025 22102025.pdf,local://material/TheGioiDiDong/Báo Cáo Tài Chính Hợp Nhất Quý 3 Năm 2025 22102025 22102025.pdf,MWG_CFS_2025Q3,1
TheGioiDiDong,E:\Project\4_RagPdf\financial-document-qa-rag\data\material\TheGioiDiDong,Báo Cáo Tài Chính Hợp Nhất Quý 4 Năm 2023 30012024 30012024.pdf,Báo Cáo Tài Chính Hợp Nhất Quý 4 Năm 2023 30012024 30012024.pdf,local://material/TheGioiDiDong/Báo Cáo Tài Chính Hợp Nhất Quý 4 Năm 2023 30012024 30012024.pdf,MWG_CFS_2023Q4,1
TheGioiDiDong,E:\Project\4_RagPdf\financial-document-qa-rag\data\material\TheGioiDiDong,Báo Cáo Tài Chính Hợp Nhất Quý 4 Năm 2024 24012025 24012025.pdf,Báo Cáo Tài Chính Hợp Nhất Quý 4 Năm 2024 24012025 24012025.pdf,local://material/TheGioiDiDong/Báo Cáo Tài Chính Hợp Nhất Quý 4 Năm 2024 24012025 24012025.pdf,MWG_CFS_2024Q4,1
TheGioiDiDong,E:\Project\4_RagPdf\financial-document-qa-rag\data\material\TheGioiDiDong,Báo Cáo Tài Chính Hợp Nhất Quý 4 Năm 2025 30012026 30012026.pdf,Báo Cáo Tài Chính Hợp Nhất Quý 4 Năm 2025 30012026 30012026.pdf,local://material/TheGioiDiDong/Báo Cáo Tài Chính Hợp Nhất Quý 4 Năm 2025 30012026 30012026.pdf,MWG_CFS_2025Q4,1
TheGioiDiDong,E:\Project\4_RagPdf\financial-document-qa-rag\data\material\TheGioiDiDong,Báo Cáo Tài Chính Hợp Nhất Soát Xét Bán Niên Năm 2024 26082024 26082024.pdf,Báo Cáo Tài Chính Hợp Nhất Soát Xét Bán Niên Năm 2024 26082024 26082024.pdf,local://material/TheGioiDiDong/Báo Cáo Tài Chính Hợp Nhất Soát Xét Bán Niên Năm 2024 26082024 26082024.pdf,MWG_CFS_2024H1,1
TheGioiDiDong,E:\Project\4_RagPdf\financial-document-qa-rag\data\material\TheGioiDiDong,Báo Cáo Tài Chính Riêng Bán Niên 2025 28082025 28082025.pdf,Báo Cáo Tài Chính Riêng Bán Niên 2025 28082025 28082025.pdf,local://material/TheGioiDiDong/Báo Cáo Tài Chính Riêng Bán Niên 2025 28082025 28082025.pdf,MWG_PCFS_2025H1,1
TheGioiDiDong,E:\Project\4_RagPdf\financial-document-qa-rag\data\material\TheGioiDiDong,Báo Cáo Tài Chính Riêng Kiểm Toán Năm 2023 20032024 20032024.pdf,Báo Cáo Tài Chính Riêng Kiểm Toán Năm 2023 20032024 20032024.pdf,local://material/TheGioiDiDong/Báo Cáo Tài Chính Riêng Kiểm Toán Năm 2023 20032024 20032024.pdf,MWG_PCFS_2023FY,1
TheGioiDiDong,E:\Project\4_RagPdf\financial-document-qa-rag\data\material\TheGioiDiDong,Báo Cáo Tài Chính Riêng Kiểm Toán Năm 2024 24032025 24032025.pdf,Báo Cáo Tài Chính Riêng Kiểm Toán Năm 2024 24032025 24032025.pdf,local://material/TheGioiDiDong/Báo Cáo Tài Chính Riêng Kiểm Toán Năm 2024 24032025 24032025.pdf,MWG_PCFS_2024FY,1
TheGioiDiDong,E:\Project\4_RagPdf\financial-document-qa-rag\data\material\TheGioiDiDong,Báo Cáo Tài Chính Riêng Kiểm Toán Năm 2025 23032026 23032026.pdf,Báo Cáo Tài Chính Riêng Kiểm Toán Năm 2025 23032026 23032026.pdf,local://material/TheGioiDiDong/Báo Cáo Tài Chính Riêng Kiểm Toán Năm 2025 23032026 23032026.pdf,MWG_PCFS_2025FY,1
TheGioiDiDong,E:\Project\4_RagPdf\financial-document-qa-rag\data\material\TheGioiDiDong,Báo Cáo Tài Chính Riêng Quý 1 Năm 2024 29042024 29042024.pdf,Báo Cáo Tài Chính Riêng Quý 1 Năm 2024 29042024 29042024.pdf,local://material/TheGioiDiDong/Báo Cáo Tài Chính Riêng Quý 1 Năm 2024 29042024 29042024.pdf,MWG_PCFS_2024Q1,1
TheGioiDiDong,E:\Project\4_RagPdf\financial-document-qa-rag\data\material\TheGioiDiDong,Báo Cáo Tài Chính Riêng Quý 1 Năm 2025 26042025 26042025.pdf,Báo Cáo Tài Chính Riêng Quý 1 Năm 2025 26042025 26042025.pdf,local://material/TheGioiDiDong/Báo Cáo Tài Chính Riêng Quý 1 Năm 2025 26042025 26042025.pdf,MWG_PCFS_2025Q1,1
TheGioiDiDong,E:\Project\4_RagPdf\financial-document-qa-rag\data\material\TheGioiDiDong,Báo Cáo Tài Chính Riêng Quý 1 Năm 2026 24042026 24042026.pdf,Báo Cáo Tài Chính Riêng Quý 1 Năm 2026 24042026 24042026.pdf,local://material/TheGioiDiDong/Báo Cáo Tài Chính Riêng Quý 1 Năm 2026 24042026 24042026.pdf,MWG_PCFS_2026Q1,1
TheGioiDiDong,E:\Project\4_RagPdf\financial-document-qa-rag\data\material\TheGioiDiDong,Báo Cáo Tài Chính Riêng Quý 2 Năm 2024 30072024 30072024.pdf,Báo Cáo Tài Chính Riêng Quý 2 Năm 2024 30072024 30072024.pdf,local://material/TheGioiDiDong/Báo Cáo Tài Chính Riêng Quý 2 Năm 2024 30072024 30072024.pdf,MWG_PCFS_2024Q2,1
TheGioiDiDong,E:\Project\4_RagPdf\financial-document-qa-rag\data\material\TheGioiDiDong,Báo Cáo Tài Chính Riêng Quý 2 Năm 2025 29072025 29072025.pdf,Báo Cáo Tài Chính Riêng Quý 2 Năm 2025 29072025 29072025.pdf,local://material/TheGioiDiDong/Báo Cáo Tài Chính Riêng Quý 2 Năm 2025 29072025 29072025.pdf,MWG_PCFS_2025Q2,1
TheGioiDiDong,E:\Project\4_RagPdf\financial-document-qa-rag\data\material\TheGioiDiDong,Báo Cáo Tài Chính Riêng Quý 3 Năm 2024 30102024 30102024.pdf,Báo Cáo Tài Chính Riêng Quý 3 Năm 2024 30102024 30102024.pdf,local://material/TheGioiDiDong/Báo Cáo Tài Chính Riêng Quý 3 Năm 2024 30102024 30102024.pdf,MWG_PCFS_2024Q3,1
TheGioiDiDong,E:\Project\4_RagPdf\financial-document-qa-rag\data\material\TheGioiDiDong,Báo Cáo Tài Chính Riêng Quý 3 Năm 2025 22102025 22102025.pdf,Báo Cáo Tài Chính Riêng Quý 3 Năm 2025 22102025 22102025.pdf,local://material/TheGioiDiDong/Báo Cáo Tài Chính Riêng Quý 3 Năm 2025 22102025 22102025.pdf,MWG_PCFS_2025Q3,1
TheGioiDiDong,E:\Project\4_RagPdf\financial-document-qa-rag\data\material\TheGioiDiDong,Báo Cáo Tài Chính Riêng Quý 4 Năm 2023 30012024 30012024.pdf,Báo Cáo Tài Chính Riêng Quý 4 Năm 2023 30012024 30012024.pdf,local://material/TheGioiDiDong/Báo Cáo Tài Chính Riêng Quý 4 Năm 2023 30012024 30012024.pdf,MWG_PCFS_2023Q4,1
TheGioiDiDong,E:\Project\4_RagPdf\financial-document-qa-rag\data\material\TheGioiDiDong,Báo Cáo Tài Chính Riêng Quý 4 Năm 2024 24012025 24012025.pdf,Báo Cáo Tài Chính Riêng Quý 4 Năm 2024 24012025 24012025.pdf,local://material/TheGioiDiDong/Báo Cáo Tài Chính Riêng Quý 4 Năm 2024 24012025 24012025.pdf,MWG_PCFS_2024Q4,1
TheGioiDiDong,E:\Project\4_RagPdf\financial-document-qa-rag\data\material\TheGioiDiDong,Báo Cáo Tài Chính Riêng Quý 4 Năm 2025 30012026 30012026.pdf,Báo Cáo Tài Chính Riêng Quý 4 Năm 2025 30012026 30012026.pdf,local://material/TheGioiDiDong/Báo Cáo Tài Chính Riêng Quý 4 Năm 2025 30012026 30012026.pdf,MWG_PCFS_2025Q4,1
TheGioiDiDong,E:\Project\4_RagPdf\financial-document-qa-rag\data\material\TheGioiDiDong,Báo Cáo Tài Chính Riêng Soát Xét Bán Niên Năm 2024 26082024 26082024.pdf,Báo Cáo Tài Chính Riêng Soát Xét Bán Niên Năm 2024 26082024 26082024.pdf,local://material/TheGioiDiDong/Báo Cáo Tài Chính Riêng Soát Xét Bán Niên Năm 2024 26082024 26082024.pdf,MWG_PCFS_2024H1,1
TheGioiDiDong,E:\Project\4_RagPdf\financial-document-qa-rag\data\material\TheGioiDiDong,Báo Cáo Tình Hình Quản Trị 6 Tháng Đầu Năm 2024 30072024 30072024.pdf,Báo Cáo Tình Hình Quản Trị 6 Tháng Đầu Năm 2024 30072024 30072024.pdf,local://material/TheGioiDiDong/Báo Cáo Tình Hình Quản Trị 6 Tháng Đầu Năm 2024 30072024 30072024.pdf,x,0
TheGioiDiDong,E:\Project\4_RagPdf\financial-document-qa-rag\data\material\TheGioiDiDong,Báo Cáo Tình Hình Quản Trị 6 Tháng Đầu Năm 2025 30072025 30072025.pdf,Báo Cáo Tình Hình Quản Trị 6 Tháng Đầu Năm 2025 30072025 30072025.pdf,local://material/TheGioiDiDong/Báo Cáo Tình Hình Quản Trị 6 Tháng Đầu Năm 2025 30072025 30072025.pdf,x,0
TheGioiDiDong,E:\Project\4_RagPdf\financial-document-qa-rag\data\material\TheGioiDiDong,Báo Cáo Tình Hình Quản Trị Năm 2023 30012024 30012024.pdf,Báo Cáo Tình Hình Quản Trị Năm 2023 30012024 30012024.pdf,local://material/TheGioiDiDong/Báo Cáo Tình Hình Quản Trị Năm 2023 30012024 30012024.pdf,x,0
TheGioiDiDong,E:\Project\4_RagPdf\financial-document-qa-rag\data\material\TheGioiDiDong,Báo Cáo Tình Hình Quản Trị Năm 2024 24012025 24012025.pdf,Báo Cáo Tình Hình Quản Trị Năm 2024 24012025 24012025.pdf,local://material/TheGioiDiDong/Báo Cáo Tình Hình Quản Trị Năm 2024 24012025 24012025.pdf,x,0
TheGioiDiDong,E:\Project\4_RagPdf\financial-document-qa-rag\data\material\TheGioiDiDong,Báo Cáo Tình Hình Quản Trị Năm 2025 30012026 30012026.pdf,Báo Cáo Tình Hình Quản Trị Năm 2025 30012026 30012026.pdf,local://material/TheGioiDiDong/Báo Cáo Tình Hình Quản Trị Năm 2025 30012026 30012026.pdf,x,0
TheGioiDiDong,E:\Project\4_RagPdf\financial-document-qa-rag\data\material\TheGioiDiDong,CBTT Biên Bản Họp Và Nghị Quyết ĐHĐCĐ Thường Niên 2025 27042025 27042025.pdf,CBTT Biên Bản Họp Và Nghị Quyết ĐHĐCĐ Thường Niên 2025 27042025 27042025.pdf,local://material/TheGioiDiDong/CBTT Biên Bản Họp Và Nghị Quyết ĐHĐCĐ Thường Niên 2025 27042025 27042025.pdf,x,0
TheGioiDiDong,E:\Project\4_RagPdf\financial-document-qa-rag\data\material\TheGioiDiDong,CBTT Biên Bản Họp Và Nghị Quyết ĐHĐCĐ Thường Niên 2026 19042026 19042026.pdf,CBTT Biên Bản Họp Và Nghị Quyết ĐHĐCĐ Thường Niên 2026 19042026 19042026.pdf,local://material/TheGioiDiDong/CBTT Biên Bản Họp Và Nghị Quyết ĐHĐCĐ Thường Niên 2026 19042026 19042026.pdf,x,0
TheGioiDiDong,E:\Project\4_RagPdf\financial-document-qa-rag\data\material\TheGioiDiDong,CBTT Bổ Sung Báo Cáo Tình Hình Quản Trị Công Ty Năm 2024 19022025 19022025.pdf,CBTT Bổ Sung Báo Cáo Tình Hình Quản Trị Công Ty Năm 2024 19022025 19022025.pdf,local://material/TheGioiDiDong/CBTT Bổ Sung Báo Cáo Tình Hình Quản Trị Công Ty Năm 2024 19022025 19022025.pdf,x,0
TheGioiDiDong,E:\Project\4_RagPdf\financial-document-qa-rag\data\material\TheGioiDiDong,CBTT Nghị Quyết Hội Đồng Quản Trị Số 08 13052025 13052025.pdf,CBTT Nghị Quyết Hội Đồng Quản Trị Số 08 13052025 13052025.pdf,local://material/TheGioiDiDong/CBTT Nghị Quyết Hội Đồng Quản Trị Số 08 13052025 13052025.pdf,x,0
TheGioiDiDong,E:\Project\4_RagPdf\financial-document-qa-rag\data\material\TheGioiDiDong,CBTT Ngày Ký Hợp Đồng Kiểm Toán Với Công Ty TNHH Ernst & Young 13062024 13062024.pdf,CBTT Ngày Ký Hợp Đồng Kiểm Toán Với Công Ty TNHH Ernst & Young 13062024 13062024.pdf,local://material/TheGioiDiDong/CBTT Ngày Ký Hợp Đồng Kiểm Toán Với Công Ty TNHH Ernst & Young 13062024 13062024.pdf,x,0
TheGioiDiDong,E:\Project\4_RagPdf\financial-document-qa-rag\data\material\TheGioiDiDong,CBTT Phụ Lục 07 Sửa Đổi Điều Lệ 29042025 29042025.pdf,CBTT Phụ Lục 07 Sửa Đổi Điều Lệ 29042025 29042025.pdf,local://material/TheGioiDiDong/CBTT Phụ Lục 07 Sửa Đổi Điều Lệ 29042025 29042025.pdf,x,0
TheGioiDiDong,E:\Project\4_RagPdf\financial-document-qa-rag\data\material\TheGioiDiDong,CBTT Phụ Lục 08 Sửa Đổi Điều Lệ 23122025 23122025.pdf,CBTT Phụ Lục 08 Sửa Đổi Điều Lệ 23122025 23122025.pdf,local://material/TheGioiDiDong/CBTT Phụ Lục 08 Sửa Đổi Điều Lệ 23122025 23122025.pdf,x,0
TheGioiDiDong,E:\Project\4_RagPdf\financial-document-qa-rag\data\material\TheGioiDiDong,CBTT Quy Chế Hoạt Động Của Hội Đồng Quản Trị Và Quy Chế Quản Trị Nội Bộ 19042026 19042026.pdf,CBTT Quy Chế Hoạt Động Của Hội Đồng Quản Trị Và Quy Chế Quản Trị Nội Bộ 19042026 19042026.pdf,local://material/TheGioiDiDong/CBTT Quy Chế Hoạt Động Của Hội Đồng Quản Trị Và Quy Chế Quản Trị Nội Bộ 19042026 19042026.pdf,x,0
TheGioiDiDong,E:\Project\4_RagPdf\financial-document-qa-rag\data\material\TheGioiDiDong,CBTT Trích yếu nội dung Nghị quyết HĐQT số 09 28062024 28062024.pdf,CBTT Trích yếu nội dung Nghị quyết HĐQT số 09 28062024 28062024.pdf,local://material/TheGioiDiDong/CBTT Trích yếu nội dung Nghị quyết HĐQT số 09 28062024 28062024.pdf,x,0
TheGioiDiDong,E:\Project\4_RagPdf\financial-document-qa-rag\data\material\TheGioiDiDong,CBTT Trích Yếu Nội Dung Nghị Quyết HĐQT Số 10 19082024 19082024.pdf,CBTT Trích Yếu Nội Dung Nghị Quyết HĐQT Số 10 19082024 19082024.pdf,local://material/TheGioiDiDong/CBTT Trích Yếu Nội Dung Nghị Quyết HĐQT Số 10 19082024 19082024.pdf,x,0
TheGioiDiDong,E:\Project\4_RagPdf\financial-document-qa-rag\data\material\TheGioiDiDong,CBTT Trích Yếu Nội Dung Nghị Quyết HĐQT Số 12 13122024 13122024.pdf,CBTT Trích Yếu Nội Dung Nghị Quyết HĐQT Số 12 13122024 13122024.pdf,local://material/TheGioiDiDong/CBTT Trích Yếu Nội Dung Nghị Quyết HĐQT Số 12 13122024 13122024.pdf,x,0
TheGioiDiDong,E:\Project\4_RagPdf\financial-document-qa-rag\data\material\TheGioiDiDong,CBTT Trích Yếu Nội Dung Nghị Quyết Hội Đồng Số 13.pdf 12122025 12122025.pdf,CBTT Trích Yếu Nội Dung Nghị Quyết Hội Đồng Số 13.pdf 12122025 12122025.pdf,local://material/TheGioiDiDong/CBTT Trích Yếu Nội Dung Nghị Quyết Hội Đồng Số 13.pdf 12122025 12122025.pdf,x,0
TheGioiDiDong,E:\Project\4_RagPdf\financial-document-qa-rag\data\material\TheGioiDiDong,CBTT Tờ Trình và Đường Link Tài Liệu Họp 20032024 20032024.pdf,CBTT Tờ Trình và Đường Link Tài Liệu Họp 20032024 20032024.pdf,local://material/TheGioiDiDong/CBTT Tờ Trình và Đường Link Tài Liệu Họp 20032024 20032024.pdf,x,0
TheGioiDiDong,E:\Project\4_RagPdf\financial-document-qa-rag\data\material\TheGioiDiDong,CBTT Tờ Trình và Đường Link Tài Liệu Họp Đại Hội 04042025 04042025.pdf,CBTT Tờ Trình và Đường Link Tài Liệu Họp Đại Hội 04042025 04042025.pdf,local://material/TheGioiDiDong/CBTT Tờ Trình và Đường Link Tài Liệu Họp Đại Hội 04042025 04042025.pdf,x,0
TheGioiDiDong,E:\Project\4_RagPdf\financial-document-qa-rag\data\material\TheGioiDiDong,CBTT Tờ Trình và Đường Link Tài Liệu Họp Đại Hội 26032026 26032026.pdf,CBTT Tờ Trình và Đường Link Tài Liệu Họp Đại Hội 26032026 26032026.pdf,local://material/TheGioiDiDong/CBTT Tờ Trình và Đường Link Tài Liệu Họp Đại Hội 26032026 26032026.pdf,x,0
TheGioiDiDong,E:\Project\4_RagPdf\financial-document-qa-rag\data\material\TheGioiDiDong,CBTT Về Việc Ký Kết Hợp Đồng Với Công Ty Kiểm Toán 25062025 25062025.pdf,CBTT Về Việc Ký Kết Hợp Đồng Với Công Ty Kiểm Toán 25062025 25062025.pdf,local://material/TheGioiDiDong/CBTT Về Việc Ký Kết Hợp Đồng Với Công Ty Kiểm Toán 25062025 25062025.pdf,x,0
TheGioiDiDong,E:\Project\4_RagPdf\financial-document-qa-rag\data\material\TheGioiDiDong,CBTT Về Việc Ký Kết Hợp Đồng Với Công Ty Kiểm Toán 26062026 26062026.pdf,CBTT Về Việc Ký Kết Hợp Đồng Với Công Ty Kiểm Toán 26062026 26062026.pdf,local://material/TheGioiDiDong/CBTT Về Việc Ký Kết Hợp Đồng Với Công Ty Kiểm Toán 26062026 26062026.pdf,x,0
TheGioiDiDong,E:\Project\4_RagPdf\financial-document-qa-rag\data\material\TheGioiDiDong,CBTT Điều Lệ Công Ty 19042026 19042026.pdf,CBTT Điều Lệ Công Ty 19042026 19042026.pdf,local://material/TheGioiDiDong/CBTT Điều Lệ Công Ty 19042026 19042026.pdf,x,0
TheGioiDiDong,E:\Project\4_RagPdf\financial-document-qa-rag\data\material\TheGioiDiDong,Công Văn UBCKNN Chấp Thuận Mua Lại Cổ Phiếu 10112025 10112025.pdf,Công Văn UBCKNN Chấp Thuận Mua Lại Cổ Phiếu 10112025 10112025.pdf,local://material/TheGioiDiDong/Công Văn UBCKNN Chấp Thuận Mua Lại Cổ Phiếu 10112025 10112025.pdf,x,0
TheGioiDiDong,E:\Project\4_RagPdf\financial-document-qa-rag\data\material\TheGioiDiDong,Giải Trình Chênh Lệch Báo Cáo Tài Chính Quý 1 2026 24042026 24042026.pdf,Giải Trình Chênh Lệch Báo Cáo Tài Chính Quý 1 2026 24042026 24042026.pdf,local://material/TheGioiDiDong/Giải Trình Chênh Lệch Báo Cáo Tài Chính Quý 1 2026 24042026 24042026.pdf,MWG_EXP_CFS_2026Q1,1
TheGioiDiDong,E:\Project\4_RagPdf\financial-document-qa-rag\data\material\TheGioiDiDong,Giải Trình Chênh Lệch Báo Cáo Tài Chính Quý 1 Năm 2024 29042024 29042024.pdf,Giải Trình Chênh Lệch Báo Cáo Tài Chính Quý 1 Năm 2024 29042024 29042024.pdf,local://material/TheGioiDiDong/Giải Trình Chênh Lệch Báo Cáo Tài Chính Quý 1 Năm 2024 29042024 29042024.pdf,MWG_EXP_CFS_2024Q1,1
TheGioiDiDong,E:\Project\4_RagPdf\financial-document-qa-rag\data\material\TheGioiDiDong,Giải Trình Chênh Lệch Báo Cáo Tài Chính Quý 1 Năm 2025 26042025 26042025.pdf,Giải Trình Chênh Lệch Báo Cáo Tài Chính Quý 1 Năm 2025 26042025 26042025.pdf,local://material/TheGioiDiDong/Giải Trình Chênh Lệch Báo Cáo Tài Chính Quý 1 Năm 2025 26042025 26042025.pdf,MWG_EXP_CFS_2025Q1,1
TheGioiDiDong,E:\Project\4_RagPdf\financial-document-qa-rag\data\material\TheGioiDiDong,Giải Trình Chênh Lệch Báo Cáo Tài Chính Quý 2 Năm 2024 30072024 30072024.pdf,Giải Trình Chênh Lệch Báo Cáo Tài Chính Quý 2 Năm 2024 30072024 30072024.pdf,local://material/TheGioiDiDong/Giải Trình Chênh Lệch Báo Cáo Tài Chính Quý 2 Năm 2024 30072024 30072024.pdf,MWG_EXP_CFS_2024Q2,1
TheGioiDiDong,E:\Project\4_RagPdf\financial-document-qa-rag\data\material\TheGioiDiDong,Giải Trình Chênh Lệch Báo Cáo Tài Chính Quý 2 Năm 2025 29072025 29072025.pdf,Giải Trình Chênh Lệch Báo Cáo Tài Chính Quý 2 Năm 2025 29072025 29072025.pdf,local://material/TheGioiDiDong/Giải Trình Chênh Lệch Báo Cáo Tài Chính Quý 2 Năm 2025 29072025 29072025.pdf,MWG_EXP_CFS_2025Q2,1
TheGioiDiDong,E:\Project\4_RagPdf\financial-document-qa-rag\data\material\TheGioiDiDong,Giải Trình Chênh Lệch Báo Cáo Tài Chính Quý 3 Năm 2024 30102024 30102024.pdf,Giải Trình Chênh Lệch Báo Cáo Tài Chính Quý 3 Năm 2024 30102024 30102024.pdf,local://material/TheGioiDiDong/Giải Trình Chênh Lệch Báo Cáo Tài Chính Quý 3 Năm 2024 30102024 30102024.pdf,MWG_EXP_CFS_2024Q3,1
TheGioiDiDong,E:\Project\4_RagPdf\financial-document-qa-rag\data\material\TheGioiDiDong,Giải Trình Chênh Lệch Báo Cáo Tài Chính Quý 3 Năm 2025 22102025 22102025.pdf,Giải Trình Chênh Lệch Báo Cáo Tài Chính Quý 3 Năm 2025 22102025 22102025.pdf,local://material/TheGioiDiDong/Giải Trình Chênh Lệch Báo Cáo Tài Chính Quý 3 Năm 2025 22102025 22102025.pdf,MWG_EXP_CFS_2025Q3,1
TheGioiDiDong,E:\Project\4_RagPdf\financial-document-qa-rag\data\material\TheGioiDiDong,Giải Trình Chênh Lệch Báo Cáo Tài Chính Quý 4 2025 30012026 30012026.pdf,Giải Trình Chênh Lệch Báo Cáo Tài Chính Quý 4 2025 30012026 30012026.pdf,local://material/TheGioiDiDong/Giải Trình Chênh Lệch Báo Cáo Tài Chính Quý 4 2025 30012026 30012026.pdf,MWG_EXP_CFS_2025Q4,1
TheGioiDiDong,E:\Project\4_RagPdf\financial-document-qa-rag\data\material\TheGioiDiDong,Giải Trình Chênh Lệch Báo Cáo Tài Chính Quý 4 Năm 2024 24012025 24012025.pdf,Giải Trình Chênh Lệch Báo Cáo Tài Chính Quý 4 Năm 2024 24012025 24012025.pdf,local://material/TheGioiDiDong/Giải Trình Chênh Lệch Báo Cáo Tài Chính Quý 4 Năm 2024 24012025 24012025.pdf,MWG_EXP_CFS_2024Q4,1
TheGioiDiDong,E:\Project\4_RagPdf\financial-document-qa-rag\data\material\TheGioiDiDong,Giải Trình Chênh Lệch Báo Cáo Tài Chính Quý 4 và Cả Năm 2023 30012024 30012024.pdf,Giải Trình Chênh Lệch Báo Cáo Tài Chính Quý 4 và Cả Năm 2023 30012024 30012024.pdf,local://material/TheGioiDiDong/Giải Trình Chênh Lệch Báo Cáo Tài Chính Quý 4 và Cả Năm 2023 30012024 30012024.pdf,MWG_EXP_CFS_2023FY,1
TheGioiDiDong,E:\Project\4_RagPdf\financial-document-qa-rag\data\material\TheGioiDiDong,Giấy Ủy Quyền Thực Hiện Công Bố Thông Tin 10042025 10042025.pdf,Giấy Ủy Quyền Thực Hiện Công Bố Thông Tin 10042025 10042025.pdf,local://material/TheGioiDiDong/Giấy Ủy Quyền Thực Hiện Công Bố Thông Tin 10042025 10042025.pdf,x,0
TheGioiDiDong,E:\Project\4_RagPdf\financial-document-qa-rag\data\material\TheGioiDiDong,Nghị Quyết HĐQT 02 Thông Qua Triệu Tập ĐHĐCĐ Thường Niên 2026 23022026 23022026.pdf,Nghị Quyết HĐQT 02 Thông Qua Triệu Tập ĐHĐCĐ Thường Niên 2026 23022026 23022026.pdf,local://material/TheGioiDiDong/Nghị Quyết HĐQT 02 Thông Qua Triệu Tập ĐHĐCĐ Thường Niên 2026 23022026 23022026.pdf,x,0
TheGioiDiDong,E:\Project\4_RagPdf\financial-document-qa-rag\data\material\TheGioiDiDong,Nghị Quyết HĐQT 03 Thông Qua Triệu Tập ĐHĐCĐ Thường Niên 2025 03032025 03032025.pdf,Nghị Quyết HĐQT 03 Thông Qua Triệu Tập ĐHĐCĐ Thường Niên 2025 03032025 03032025.pdf,local://material/TheGioiDiDong/Nghị Quyết HĐQT 03 Thông Qua Triệu Tập ĐHĐCĐ Thường Niên 2025 03032025 03032025.pdf,x,0
TheGioiDiDong,E:\Project\4_RagPdf\financial-document-qa-rag\data\material\TheGioiDiDong,Nghị quyết HĐQT 05 Thông qua việc triển khai phương án phát hành cổ phiếu ESOP 2025 23062026 23062026.pdf,Nghị quyết HĐQT 05 Thông qua việc triển khai phương án phát hành cổ phiếu ESOP 2025 23062026 23062026.pdf,local://material/TheGioiDiDong/Nghị quyết HĐQT 05 Thông qua việc triển khai phương án phát hành cổ phiếu ESOP 2025 23062026 23062026.pdf,x,0
TheGioiDiDong,E:\Project\4_RagPdf\financial-document-qa-rag\data\material\TheGioiDiDong,Nghị quyết HĐQT 05 Về việc chốt DSCĐ để tổ chức họp ĐHĐCĐ thường niên 2024 06022024 06022024.pdf,Nghị quyết HĐQT 05 Về việc chốt DSCĐ để tổ chức họp ĐHĐCĐ thường niên 2024 06022024 06022024.pdf,local://material/TheGioiDiDong/Nghị quyết HĐQT 05 Về việc chốt DSCĐ để tổ chức họp ĐHĐCĐ thường niên 2024 06022024 06022024.pdf,x,0
TheGioiDiDong,E:\Project\4_RagPdf\financial-document-qa-rag\data\material\TheGioiDiDong,Nghị Quyết HĐQT Số 01 Thông Qua Kế Hoạch Kinh Doanh Năm 2025 24012025 24012025.pdf,Nghị Quyết HĐQT Số 01 Thông Qua Kế Hoạch Kinh Doanh Năm 2025 24012025 24012025.pdf,local://material/TheGioiDiDong/Nghị Quyết HĐQT Số 01 Thông Qua Kế Hoạch Kinh Doanh Năm 2025 24012025 24012025.pdf,x,0
TheGioiDiDong,E:\Project\4_RagPdf\financial-document-qa-rag\data\material\TheGioiDiDong,Nghị Quyết HĐQT Số 01 Thông Qua Kế Hoạch Kinh Doanh Năm 2026 30012026 30012026.pdf,Nghị Quyết HĐQT Số 01 Thông Qua Kế Hoạch Kinh Doanh Năm 2026 30012026 30012026.pdf,local://material/TheGioiDiDong/Nghị Quyết HĐQT Số 01 Thông Qua Kế Hoạch Kinh Doanh Năm 2026 30012026 30012026.pdf,x,0
TheGioiDiDong,E:\Project\4_RagPdf\financial-document-qa-rag\data\material\TheGioiDiDong,Nghị Quyết HĐQT Số 02 Thông Qua Phát Hành Cổ Phiếu ESOP 2024 12022025 12022025.pdf,Nghị Quyết HĐQT Số 02 Thông Qua Phát Hành Cổ Phiếu ESOP 2024 12022025 12022025.pdf,local://material/TheGioiDiDong/Nghị Quyết HĐQT Số 02 Thông Qua Phát Hành Cổ Phiếu ESOP 2024 12022025 12022025.pdf,x,0
TheGioiDiDong,E:\Project\4_RagPdf\financial-document-qa-rag\data\material\TheGioiDiDong,Nghị Quyết HĐQT số 02 Thông Qua Việc Công Ty Đầu Tư Bách Hóa Xanh Thực Hiện Kế Hoạch Huy Động Vốn 18012024 18012024.pdf,Nghị Quyết HĐQT số 02 Thông Qua Việc Công Ty Đầu Tư Bách Hóa Xanh Thực Hiện Kế Hoạch Huy Động Vốn 18012024 18012024.pdf,local://material/TheGioiDiDong/Nghị Quyết HĐQT số 02 Thông Qua Việc Công Ty Đầu Tư Bách Hóa Xanh Thực Hiện Kế Hoạch Huy Động Vốn 18012024 18012024.pdf,x,0
TheGioiDiDong,E:\Project\4_RagPdf\financial-document-qa-rag\data\material\TheGioiDiDong,Nghị Quyết HĐQT Số 04 Thông Qua Kế Hoạch Kinh Doanh Năm 2024 01022024 01022024.pdf,Nghị Quyết HĐQT Số 04 Thông Qua Kế Hoạch Kinh Doanh Năm 2024 01022024 01022024.pdf,local://material/TheGioiDiDong/Nghị Quyết HĐQT Số 04 Thông Qua Kế Hoạch Kinh Doanh Năm 2024 01022024 01022024.pdf,x,0
TheGioiDiDong,E:\Project\4_RagPdf\financial-document-qa-rag\data\material\TheGioiDiDong,Nghị Quyết HĐQT Số 04 Thông Qua Sửa Đổi Quy Chế Phát Hành Cổ Phiếu ESOP 2024 24032025 24032025.pdf,Nghị Quyết HĐQT Số 04 Thông Qua Sửa Đổi Quy Chế Phát Hành Cổ Phiếu ESOP 2024 24032025 24032025.pdf,local://material/TheGioiDiDong/Nghị Quyết HĐQT Số 04 Thông Qua Sửa Đổi Quy Chế Phát Hành Cổ Phiếu ESOP 2024 24032025 24032025.pdf,x,0
TheGioiDiDong,E:\Project\4_RagPdf\financial-document-qa-rag\data\material\TheGioiDiDong,Nghị Quyết HĐQT Số 06 Thông Qua Kết Quả Phát Hành ESOP 19042025 19042025.pdf,Nghị Quyết HĐQT Số 06 Thông Qua Kết Quả Phát Hành ESOP 19042025 19042025.pdf,local://material/TheGioiDiDong/Nghị Quyết HĐQT Số 06 Thông Qua Kết Quả Phát Hành ESOP 19042025 19042025.pdf,x,0
TheGioiDiDong,E:\Project\4_RagPdf\financial-document-qa-rag\data\material\TheGioiDiDong,Nghị Quyết HĐQT số 06 Thông Qua Việc Bổ Nhiệm Người Phụ Trách ESG 20032024 20032024.pdf,Nghị Quyết HĐQT số 06 Thông Qua Việc Bổ Nhiệm Người Phụ Trách ESG 20032024 20032024.pdf,local://material/TheGioiDiDong/Nghị Quyết HĐQT số 06 Thông Qua Việc Bổ Nhiệm Người Phụ Trách ESG 20032024 20032024.pdf,x,0
TheGioiDiDong,E:\Project\4_RagPdf\financial-document-qa-rag\data\material\TheGioiDiDong,Nghị Quyết HĐQT Số 07 Thông Qua Kết Quả Phát Hành ESOP 11072026 11072026.pdf,Nghị Quyết HĐQT Số 07 Thông Qua Kết Quả Phát Hành ESOP 11072026 11072026.pdf,local://material/TheGioiDiDong/Nghị Quyết HĐQT Số 07 Thông Qua Kết Quả Phát Hành ESOP 11072026 11072026.pdf,x,0
TheGioiDiDong,E:\Project\4_RagPdf\financial-document-qa-rag\data\material\TheGioiDiDong,Nghị Quyết HĐQT số 07 Thông Qua Việc Giải Thể Công Ty Con 08052024 08052024.pdf,Nghị Quyết HĐQT số 07 Thông Qua Việc Giải Thể Công Ty Con 08052024 08052024.pdf,local://material/TheGioiDiDong/Nghị Quyết HĐQT số 07 Thông Qua Việc Giải Thể Công Ty Con 08052024 08052024.pdf,x,0
TheGioiDiDong,E:\Project\4_RagPdf\financial-document-qa-rag\data\material\TheGioiDiDong,Nghị Quyết HĐQT số 08 Thông Qua Việc Chi Trả Cổ Tức Tiền Mặt và Lựa Chọn Công Ty Kiểm Toán 11062024 11062024.pdf,Nghị Quyết HĐQT số 08 Thông Qua Việc Chi Trả Cổ Tức Tiền Mặt và Lựa Chọn Công Ty Kiểm Toán 11062024 11062024.pdf,local://material/TheGioiDiDong/Nghị Quyết HĐQT số 08 Thông Qua Việc Chi Trả Cổ Tức Tiền Mặt và Lựa Chọn Công Ty Kiểm Toán 11062024 11062024.pdf,x,0
TheGioiDiDong,E:\Project\4_RagPdf\financial-document-qa-rag\data\material\TheGioiDiDong,Nghị Quyết HĐQT số 09 Thông Qua Việc Chi Trả Cổ Tức Tiền Mặt 25062025 25062025.pdf,Nghị Quyết HĐQT số 09 Thông Qua Việc Chi Trả Cổ Tức Tiền Mặt 25062025 25062025.pdf,local://material/TheGioiDiDong/Nghị Quyết HĐQT số 09 Thông Qua Việc Chi Trả Cổ Tức Tiền Mặt 25062025 25062025.pdf,x,0
TheGioiDiDong,E:\Project\4_RagPdf\financial-document-qa-rag\data\material\TheGioiDiDong,Nghị Quyết HĐQT số 10 Thông Qua Mua Lại Cổ Phiếu Quỹ 18102025 18102025.pdf,Nghị Quyết HĐQT số 10 Thông Qua Mua Lại Cổ Phiếu Quỹ 18102025 18102025.pdf,local://material/TheGioiDiDong/Nghị Quyết HĐQT số 10 Thông Qua Mua Lại Cổ Phiếu Quỹ 18102025 18102025.pdf,x,0
TheGioiDiDong,E:\Project\4_RagPdf\financial-document-qa-rag\data\material\TheGioiDiDong,Nghị Quyết HĐQT số 11 Thông Qua Việc Thành Lập Công Ty Con 06112025 06112025.pdf,Nghị Quyết HĐQT số 11 Thông Qua Việc Thành Lập Công Ty Con 06112025 06112025.pdf,local://material/TheGioiDiDong/Nghị Quyết HĐQT số 11 Thông Qua Việc Thành Lập Công Ty Con 06112025 06112025.pdf,x,0
TheGioiDiDong,E:\Project\4_RagPdf\financial-document-qa-rag\data\material\TheGioiDiDong,Nghị Quyết HĐQT số 12 Thông Qua Việc Chuyển Nhượng Vốn Tại Công Ty Con 19112025 19112025.pdf,Nghị Quyết HĐQT số 12 Thông Qua Việc Chuyển Nhượng Vốn Tại Công Ty Con 19112025 19112025.pdf,local://material/TheGioiDiDong/Nghị Quyết HĐQT số 12 Thông Qua Việc Chuyển Nhượng Vốn Tại Công Ty Con 19112025 19112025.pdf,x,0
TheGioiDiDong,E:\Project\4_RagPdf\financial-document-qa-rag\data\material\TheGioiDiDong,Phụ Lục Sửa Đổi Điều Lệ Lần 6 20052024 20052024.pdf,Phụ Lục Sửa Đổi Điều Lệ Lần 6 20052024 20052024.pdf,local://material/TheGioiDiDong/Phụ Lục Sửa Đổi Điều Lệ Lần 6 20052024 20052024.pdf,x,0
TheGioiDiDong,E:\Project\4_RagPdf\financial-document-qa-rag\data\material\TheGioiDiDong,Thay Đổi Giấy Chứng Nhận Đăng Ký Doanh Nghiệp Lần 31 03042024 03042024.pdf,Thay Đổi Giấy Chứng Nhận Đăng Ký Doanh Nghiệp Lần 31 03042024 03042024.pdf,local://material/TheGioiDiDong/Thay Đổi Giấy Chứng Nhận Đăng Ký Doanh Nghiệp Lần 31 03042024 03042024.pdf,x,0
TheGioiDiDong,E:\Project\4_RagPdf\financial-document-qa-rag\data\material\TheGioiDiDong,Thay Đổi Giấy Chứng Nhận Đăng Ký Doanh Nghiệp Lần Thứ 32 17052024 17052024.pdf,Thay Đổi Giấy Chứng Nhận Đăng Ký Doanh Nghiệp Lần Thứ 32 17052024 17052024.pdf,local://material/TheGioiDiDong/Thay Đổi Giấy Chứng Nhận Đăng Ký Doanh Nghiệp Lần Thứ 32 17052024 17052024.pdf,x,0
TheGioiDiDong,E:\Project\4_RagPdf\financial-document-qa-rag\data\material\TheGioiDiDong,Thông báo giao dịch cổ phiếu của người liên quan của người nội bộ _Nguyễn Thị Thu Tâm 08032024 08032024.pdf,Thông báo giao dịch cổ phiếu của người liên quan của người nội bộ _Nguyễn Thị Thu Tâm 08032024 08032024.pdf,local://material/TheGioiDiDong/Thông báo giao dịch cổ phiếu của người liên quan của người nội bộ _Nguyễn Thị Thu Tâm 08032024 08032024.pdf,x,0
TheGioiDiDong,E:\Project\4_RagPdf\financial-document-qa-rag\data\material\TheGioiDiDong,Thông Báo Giao Dịch Cổ Phiếu Của Người Liên Quan Người Nội Bộ - Quỹ Mái Ấm Thế Giới Di Động 27082025 27082025.pdf,Thông Báo Giao Dịch Cổ Phiếu Của Người Liên Quan Người Nội Bộ - Quỹ Mái Ấm Thế Giới Di Động 27082025 27082025.pdf,local://material/TheGioiDiDong/Thông Báo Giao Dịch Cổ Phiếu Của Người Liên Quan Người Nội Bộ - Quỹ Mái Ấm Thế Giới Di Động 27082025 27082025.pdf,x,0
TheGioiDiDong,E:\Project\4_RagPdf\financial-document-qa-rag\data\material\TheGioiDiDong,Thông Báo Giao Dịch Cổ Phiếu Của Người Liên Quan Người Nội Bộ - Trịnh Quang Khải 30062026 30062026.pdf,Thông Báo Giao Dịch Cổ Phiếu Của Người Liên Quan Người Nội Bộ - Trịnh Quang Khải 30062026 30062026.pdf,local://material/TheGioiDiDong/Thông Báo Giao Dịch Cổ Phiếu Của Người Liên Quan Người Nội Bộ - Trịnh Quang Khải 30062026 30062026.pdf,x,0
TheGioiDiDong,E:\Project\4_RagPdf\financial-document-qa-rag\data\material\TheGioiDiDong,Thông Báo Giao Dịch Cổ Phiếu Của Người Nội Bộ - Lê Thị Thu Trang 08042025 08042025.pdf,Thông Báo Giao Dịch Cổ Phiếu Của Người Nội Bộ - Lê Thị Thu Trang 08042025 08042025.pdf,local://material/TheGioiDiDong/Thông Báo Giao Dịch Cổ Phiếu Của Người Nội Bộ - Lê Thị Thu Trang 08042025 08042025.pdf,x,0
TheGioiDiDong,E:\Project\4_RagPdf\financial-document-qa-rag\data\material\TheGioiDiDong,Thông Báo Giao Dịch Cổ Phiếu Của Người Nội Bộ - Lê Thị Thu Trang 30062026 30062026.pdf,Thông Báo Giao Dịch Cổ Phiếu Của Người Nội Bộ - Lê Thị Thu Trang 30062026 30062026.pdf,local://material/TheGioiDiDong/Thông Báo Giao Dịch Cổ Phiếu Của Người Nội Bộ - Lê Thị Thu Trang 30062026 30062026.pdf,x,0
TheGioiDiDong,E:\Project\4_RagPdf\financial-document-qa-rag\data\material\TheGioiDiDong,Thông Báo Giao Dịch Cổ Phiếu Của Người Nội Bộ - Lý Trần Kim Ngân 08042025 08042025.pdf,Thông Báo Giao Dịch Cổ Phiếu Của Người Nội Bộ - Lý Trần Kim Ngân 08042025 08042025.pdf,local://material/TheGioiDiDong/Thông Báo Giao Dịch Cổ Phiếu Của Người Nội Bộ - Lý Trần Kim Ngân 08042025 08042025.pdf,x,0
TheGioiDiDong,E:\Project\4_RagPdf\financial-document-qa-rag\data\material\TheGioiDiDong,Thông Báo Giao Dịch Cổ Phiếu Của Người Nội Bộ - Lý Trần Kim Ngân 30062026 30062026.pdf,Thông Báo Giao Dịch Cổ Phiếu Của Người Nội Bộ - Lý Trần Kim Ngân 30062026 30062026.pdf,local://material/TheGioiDiDong/Thông Báo Giao Dịch Cổ Phiếu Của Người Nội Bộ - Lý Trần Kim Ngân 30062026 30062026.pdf,x,0
TheGioiDiDong,E:\Project\4_RagPdf\financial-document-qa-rag\data\material\TheGioiDiDong,Thông Báo Giao Dịch Cổ Phiếu Của Người Nội Bộ - Nguyễn Thị Thu Thảo 08042025 08042025.pdf,Thông Báo Giao Dịch Cổ Phiếu Của Người Nội Bộ - Nguyễn Thị Thu Thảo 08042025 08042025.pdf,local://material/TheGioiDiDong/Thông Báo Giao Dịch Cổ Phiếu Của Người Nội Bộ - Nguyễn Thị Thu Thảo 08042025 08042025.pdf,x,0
TheGioiDiDong,E:\Project\4_RagPdf\financial-document-qa-rag\data\material\TheGioiDiDong,Thông Báo Giao Dịch Cổ Phiếu Của Người Nội Bộ - Phạm Văn Trọng 18082025 18082025.pdf,Thông Báo Giao Dịch Cổ Phiếu Của Người Nội Bộ - Phạm Văn Trọng 18082025 18082025.pdf,local://material/TheGioiDiDong/Thông Báo Giao Dịch Cổ Phiếu Của Người Nội Bộ - Phạm Văn Trọng 18082025 18082025.pdf,x,0
TheGioiDiDong,E:\Project\4_RagPdf\financial-document-qa-rag\data\material\TheGioiDiDong,Thông Báo Giao Dịch Cổ Phiếu Của Người Nội Bộ - Trịnh Quang Khải 08042025 08042025.pdf,Thông Báo Giao Dịch Cổ Phiếu Của Người Nội Bộ - Trịnh Quang Khải 08042025 08042025.pdf,local://material/TheGioiDiDong/Thông Báo Giao Dịch Cổ Phiếu Của Người Nội Bộ - Trịnh Quang Khải 08042025 08042025.pdf,x,0
TheGioiDiDong,E:\Project\4_RagPdf\financial-document-qa-rag\data\material\TheGioiDiDong,Thông Báo Giao Dịch Cổ Phiếu Của Người Nội Bộ - Vũ Đăng Linh 08042025 08042025.pdf,Thông Báo Giao Dịch Cổ Phiếu Của Người Nội Bộ - Vũ Đăng Linh 08042025 08042025.pdf,local://material/TheGioiDiDong/Thông Báo Giao Dịch Cổ Phiếu Của Người Nội Bộ - Vũ Đăng Linh 08042025 08042025.pdf,x,0
TheGioiDiDong,E:\Project\4_RagPdf\financial-document-qa-rag\data\material\TheGioiDiDong,Thông Báo Giao Dịch Cổ Phiếu Của Người Nội Bộ - Vũ Đăng Linh 30062026 30062026.pdf,Thông Báo Giao Dịch Cổ Phiếu Của Người Nội Bộ - Vũ Đăng Linh 30062026 30062026.pdf,local://material/TheGioiDiDong/Thông Báo Giao Dịch Cổ Phiếu Của Người Nội Bộ - Vũ Đăng Linh 30062026 30062026.pdf,x,0
TheGioiDiDong,E:\Project\4_RagPdf\financial-document-qa-rag\data\material\TheGioiDiDong,Thông Báo Giao Dịch Cổ Phiếu Của Người Nội Bộ - Đoàn Văn Hiểu Em 08042025 08042025.pdf,Thông Báo Giao Dịch Cổ Phiếu Của Người Nội Bộ - Đoàn Văn Hiểu Em 08042025 08042025.pdf,local://material/TheGioiDiDong/Thông Báo Giao Dịch Cổ Phiếu Của Người Nội Bộ - Đoàn Văn Hiểu Em 08042025 08042025.pdf,x,0
TheGioiDiDong,E:\Project\4_RagPdf\financial-document-qa-rag\data\material\TheGioiDiDong,Thông Báo Giao Dịch Cổ Phiếu Của Người Nội Bộ - Đoàn Văn Hiểu Em 29042026 29042026.pdf,Thông Báo Giao Dịch Cổ Phiếu Của Người Nội Bộ - Đoàn Văn Hiểu Em 29042026 29042026.pdf,local://material/TheGioiDiDong/Thông Báo Giao Dịch Cổ Phiếu Của Người Nội Bộ - Đoàn Văn Hiểu Em 29042026 29042026.pdf,x,0
TheGioiDiDong,E:\Project\4_RagPdf\financial-document-qa-rag\data\material\TheGioiDiDong,Thông Báo Giao Dịch Cổ Phiếu Của Người Nội Bộ - Đoàn Văn Hiểu Em 30062026 30062026.pdf,Thông Báo Giao Dịch Cổ Phiếu Của Người Nội Bộ - Đoàn Văn Hiểu Em 30062026 30062026.pdf,local://material/TheGioiDiDong/Thông Báo Giao Dịch Cổ Phiếu Của Người Nội Bộ - Đoàn Văn Hiểu Em 30062026 30062026.pdf,x,0
TheGioiDiDong,E:\Project\4_RagPdf\financial-document-qa-rag\data\material\TheGioiDiDong,Thông báo giao dịch cổ phiếu của Người Nội Bộ_Nguyễn Đức Tài 04062024 04062024.pdf,Thông báo giao dịch cổ phiếu của Người Nội Bộ_Nguyễn Đức Tài 04062024 04062024.pdf,local://material/TheGioiDiDong/Thông báo giao dịch cổ phiếu của Người Nội Bộ_Nguyễn Đức Tài 04062024 04062024.pdf,x,0
TheGioiDiDong,E:\Project\4_RagPdf\financial-document-qa-rag\data\material\TheGioiDiDong,Thông báo giao dịch cổ phiếu của Người Nội Bộ_Nguyễn Đức Tài 04092024 04092024.pdf,Thông báo giao dịch cổ phiếu của Người Nội Bộ_Nguyễn Đức Tài 04092024 04092024.pdf,local://material/TheGioiDiDong/Thông báo giao dịch cổ phiếu của Người Nội Bộ_Nguyễn Đức Tài 04092024 04092024.pdf,x,0
TheGioiDiDong,E:\Project\4_RagPdf\financial-document-qa-rag\data\material\TheGioiDiDong,Thông báo giao dịch cổ phiếu của Người Nội Bộ_Robert Alan Willett 22022024 22022024.pdf,Thông báo giao dịch cổ phiếu của Người Nội Bộ_Robert Alan Willett 22022024 22022024.pdf,local://material/TheGioiDiDong/Thông báo giao dịch cổ phiếu của Người Nội Bộ_Robert Alan Willett 22022024 22022024.pdf,x,0
TheGioiDiDong,E:\Project\4_RagPdf\financial-document-qa-rag\data\material\TheGioiDiDong,Thông báo giao dịch cổ phiếu của Người Nội Bộ_Đặng Minh Lượm 20092024 20092024.pdf,Thông báo giao dịch cổ phiếu của Người Nội Bộ_Đặng Minh Lượm 20092024 20092024.pdf,local://material/TheGioiDiDong/Thông báo giao dịch cổ phiếu của Người Nội Bộ_Đặng Minh Lượm 20092024 20092024.pdf,x,0
TheGioiDiDong,E:\Project\4_RagPdf\financial-document-qa-rag\data\material\TheGioiDiDong,Thông Báo Giao Dịch Của Người Nội Bộ - Phạm Văn Trọng 15052025 15052025.pdf,Thông Báo Giao Dịch Của Người Nội Bộ - Phạm Văn Trọng 15052025 15052025.pdf,local://material/TheGioiDiDong/Thông Báo Giao Dịch Của Người Nội Bộ - Phạm Văn Trọng 15052025 15052025.pdf,x,0
TheGioiDiDong,E:\Project\4_RagPdf\financial-document-qa-rag\data\material\TheGioiDiDong,Thông Báo Mua Lại Cổ Phiếu 10112025 10112025.pdf,Thông Báo Mua Lại Cổ Phiếu 10112025 10112025.pdf,local://material/TheGioiDiDong/Thông Báo Mua Lại Cổ Phiếu 10112025 10112025.pdf,x,0
TheGioiDiDong,E:\Project\4_RagPdf\financial-document-qa-rag\data\material\TheGioiDiDong,Thông Báo Mua Lại Cổ Phiếu 14012026 14012026.pdf,Thông Báo Mua Lại Cổ Phiếu 14012026 14012026.pdf,local://material/TheGioiDiDong/Thông Báo Mua Lại Cổ Phiếu 14012026 14012026.pdf,x,0
TheGioiDiDong,E:\Project\4_RagPdf\financial-document-qa-rag\data\material\TheGioiDiDong,Thông Báo Mua Lại Cổ Phiếu Quỹ 05022024 05022024.pdf,Thông Báo Mua Lại Cổ Phiếu Quỹ 05022024 05022024.pdf,local://material/TheGioiDiDong/Thông Báo Mua Lại Cổ Phiếu Quỹ 05022024 05022024.pdf,x,0
TheGioiDiDong,E:\Project\4_RagPdf\financial-document-qa-rag\data\material\TheGioiDiDong,Thông Báo Mua Lại Cổ Phiếu Quỹ 10122024 10122024.pdf,Thông Báo Mua Lại Cổ Phiếu Quỹ 10122024 10122024.pdf,local://material/TheGioiDiDong/Thông Báo Mua Lại Cổ Phiếu Quỹ 10122024 10122024.pdf,x,0
TheGioiDiDong,E:\Project\4_RagPdf\financial-document-qa-rag\data\material\TheGioiDiDong,Thông Báo Mua Lại Cổ Phiếu Quỹ 14052025 14052025.pdf,Thông Báo Mua Lại Cổ Phiếu Quỹ 14052025 14052025.pdf,local://material/TheGioiDiDong/Thông Báo Mua Lại Cổ Phiếu Quỹ 14052025 14052025.pdf,x,0
TheGioiDiDong,E:\Project\4_RagPdf\financial-document-qa-rag\data\material\TheGioiDiDong,Thông Báo Mua Lại Cổ Phiếu Quỹ 22052024 22052024.pdf,Thông Báo Mua Lại Cổ Phiếu Quỹ 22052024 22052024.pdf,local://material/TheGioiDiDong/Thông Báo Mua Lại Cổ Phiếu Quỹ 22052024 22052024.pdf,x,0
TheGioiDiDong,E:\Project\4_RagPdf\financial-document-qa-rag\data\material\TheGioiDiDong,Thông Báo Mua Lại Cổ Phiếu Qũy 01072025 01072025.pdf,Thông Báo Mua Lại Cổ Phiếu Qũy 01072025 01072025.pdf,local://material/TheGioiDiDong/Thông Báo Mua Lại Cổ Phiếu Qũy 01072025 01072025.pdf,x,0
TheGioiDiDong,E:\Project\4_RagPdf\financial-document-qa-rag\data\material\TheGioiDiDong,Thông Báo Phát Hành Cổ Phiếu Theo Chương Trình Lựa Chọn Cho Người Lao Động Công Ty 08042025 08042025.pdf,Thông Báo Phát Hành Cổ Phiếu Theo Chương Trình Lựa Chọn Cho Người Lao Động Công Ty 08042025 08042025.pdf,local://material/TheGioiDiDong/Thông Báo Phát Hành Cổ Phiếu Theo Chương Trình Lựa Chọn Cho Người Lao Động Công Ty 08042025 08042025.pdf,x,0
TheGioiDiDong,E:\Project\4_RagPdf\financial-document-qa-rag\data\material\TheGioiDiDong,Thông Báo Phát Hành Cổ Phiếu Theo Chương Trình Lựa Chọn Cho Người Lao Động Công Ty 30062026 30062026.pdf,Thông Báo Phát Hành Cổ Phiếu Theo Chương Trình Lựa Chọn Cho Người Lao Động Công Ty 30062026 30062026.pdf,local://material/TheGioiDiDong/Thông Báo Phát Hành Cổ Phiếu Theo Chương Trình Lựa Chọn Cho Người Lao Động Công Ty 30062026 30062026.pdf,x,0
TheGioiDiDong,E:\Project\4_RagPdf\financial-document-qa-rag\data\material\TheGioiDiDong,Thông Báo Thay Đổi GCN Đăng Ký Doanh Nghiệp 23122025 23122025.pdf,Thông Báo Thay Đổi GCN Đăng Ký Doanh Nghiệp 23122025 23122025.pdf,local://material/TheGioiDiDong/Thông Báo Thay Đổi GCN Đăng Ký Doanh Nghiệp 23122025 23122025.pdf,x,0
TheGioiDiDong,E:\Project\4_RagPdf\financial-document-qa-rag\data\material\TheGioiDiDong,Thông Báo Thay Đổi GCN Đăng Ký Kinh Doanh 23072025 23072025.pdf,Thông Báo Thay Đổi GCN Đăng Ký Kinh Doanh 23072025 23072025.pdf,local://material/TheGioiDiDong/Thông Báo Thay Đổi GCN Đăng Ký Kinh Doanh 23072025 23072025.pdf,x,0
TheGioiDiDong,E:\Project\4_RagPdf\financial-document-qa-rag\data\material\TheGioiDiDong,Thông Báo Thay Đổi GCN Đăng Ký Kinh Doanh 29042025 29042025.pdf,Thông Báo Thay Đổi GCN Đăng Ký Kinh Doanh 29042025 29042025.pdf,local://material/TheGioiDiDong/Thông Báo Thay Đổi GCN Đăng Ký Kinh Doanh 29042025 29042025.pdf,x,0
TheGioiDiDong,E:\Project\4_RagPdf\financial-document-qa-rag\data\material\TheGioiDiDong,Thông Báo Thay Đổi Giấy Chứng Nhận Đăng Ký Doanh Nghiệp Lần Thứ 33 10042025 10042025.pdf,Thông Báo Thay Đổi Giấy Chứng Nhận Đăng Ký Doanh Nghiệp Lần Thứ 33 10042025 10042025.pdf,local://material/TheGioiDiDong/Thông Báo Thay Đổi Giấy Chứng Nhận Đăng Ký Doanh Nghiệp Lần Thứ 33 10042025 10042025.pdf,x,0
TheGioiDiDong,E:\Project\4_RagPdf\financial-document-qa-rag\data\material\TheGioiDiDong,Thông Báo Thay Đổi Mẫu Dấu 18092025 18092025.pdf,Thông Báo Thay Đổi Mẫu Dấu 18092025 18092025.pdf,local://material/TheGioiDiDong/Thông Báo Thay Đổi Mẫu Dấu 18092025 18092025.pdf,x,0
TheGioiDiDong,E:\Project\4_RagPdf\financial-document-qa-rag\data\material\TheGioiDiDong,Thông Báo Thay Đổi Nhân Sự 13052025 13052025.pdf,Thông Báo Thay Đổi Nhân Sự 13052025 13052025.pdf,local://material/TheGioiDiDong/Thông Báo Thay Đổi Nhân Sự 13052025 13052025.pdf,x,0
TheGioiDiDong,E:\Project\4_RagPdf\financial-document-qa-rag\data\material\TheGioiDiDong,Thông Báo Thay Đổi Nhân Sự HĐQT Nhiệm Kỳ 2025-2028 28042025 28042025.pdf,Thông Báo Thay Đổi Nhân Sự HĐQT Nhiệm Kỳ 2025-2028 28042025 28042025.pdf,local://material/TheGioiDiDong/Thông Báo Thay Đổi Nhân Sự HĐQT Nhiệm Kỳ 2025-2028 28042025 28042025.pdf,x,0
TheGioiDiDong,E:\Project\4_RagPdf\financial-document-qa-rag\data\material\TheGioiDiDong,Thông Báo Thay Đổi Nhân Sự Và Nghị Quyết HĐQT Số 05 03042025 03042025.pdf,Thông Báo Thay Đổi Nhân Sự Và Nghị Quyết HĐQT Số 05 03042025 03042025.pdf,local://material/TheGioiDiDong/Thông Báo Thay Đổi Nhân Sự Và Nghị Quyết HĐQT Số 05 03042025 03042025.pdf,x,0
TheGioiDiDong,E:\Project\4_RagPdf\financial-document-qa-rag\data\material\TheGioiDiDong,Thông Báo Thay Đổi Số Lượng Cổ Phiếu Có Quyền Biểu Quyết 04032024 04032024.pdf,Thông Báo Thay Đổi Số Lượng Cổ Phiếu Có Quyền Biểu Quyết 04032024 04032024.pdf,local://material/TheGioiDiDong/Thông Báo Thay Đổi Số Lượng Cổ Phiếu Có Quyền Biểu Quyết 04032024 04032024.pdf,x,0
TheGioiDiDong,E:\Project\4_RagPdf\financial-document-qa-rag\data\material\TheGioiDiDong,Thông Báo Thay Đổi Số Lượng Cổ Phiếu Có Quyền Biểu Quyết 06022026 06022026.pdf,Thông Báo Thay Đổi Số Lượng Cổ Phiếu Có Quyền Biểu Quyết 06022026 06022026.pdf,local://material/TheGioiDiDong/Thông Báo Thay Đổi Số Lượng Cổ Phiếu Có Quyền Biểu Quyết 06022026 06022026.pdf,x,0
TheGioiDiDong,E:\Project\4_RagPdf\financial-document-qa-rag\data\material\TheGioiDiDong,Thông Báo Thay Đổi Số Lượng Cổ Phiếu Có Quyền Biểu Quyết 11072026 11072026.pdf,Thông Báo Thay Đổi Số Lượng Cổ Phiếu Có Quyền Biểu Quyết 11072026 11072026.pdf,local://material/TheGioiDiDong/Thông Báo Thay Đổi Số Lượng Cổ Phiếu Có Quyền Biểu Quyết 11072026 11072026.pdf,x,0
TheGioiDiDong,E:\Project\4_RagPdf\financial-document-qa-rag\data\material\TheGioiDiDong,Thông Báo Thay Đổi Số Lượng Cổ Phiếu Có Quyền Biểu Quyết 12122025 12122025.pdf,Thông Báo Thay Đổi Số Lượng Cổ Phiếu Có Quyền Biểu Quyết 12122025 12122025.pdf,local://material/TheGioiDiDong/Thông Báo Thay Đổi Số Lượng Cổ Phiếu Có Quyền Biểu Quyết 12122025 12122025.pdf,x,0
TheGioiDiDong,E:\Project\4_RagPdf\financial-document-qa-rag\data\material\TheGioiDiDong,Thông Báo Thay Đổi Số Lượng Cổ Phiếu Có Quyền Biểu Quyết 17052024 17052024.pdf,Thông Báo Thay Đổi Số Lượng Cổ Phiếu Có Quyền Biểu Quyết 17052024 17052024.pdf,local://material/TheGioiDiDong/Thông Báo Thay Đổi Số Lượng Cổ Phiếu Có Quyền Biểu Quyết 17052024 17052024.pdf,x,0
TheGioiDiDong,E:\Project\4_RagPdf\financial-document-qa-rag\data\material\TheGioiDiDong,Thông Báo Thay Đổi Số Lượng Cổ Phiếu Có Quyền Biểu Quyết 19042025 19042025.pdf,Thông Báo Thay Đổi Số Lượng Cổ Phiếu Có Quyền Biểu Quyết 19042025 19042025.pdf,local://material/TheGioiDiDong/Thông Báo Thay Đổi Số Lượng Cổ Phiếu Có Quyền Biểu Quyết 19042025 19042025.pdf,x,0
TheGioiDiDong,E:\Project\4_RagPdf\financial-document-qa-rag\data\material\TheGioiDiDong,Thông Báo Thay Đổi Số Lượng Cổ Phiếu Có Quyền Biểu Quyết 21072025 21072025.pdf,Thông Báo Thay Đổi Số Lượng Cổ Phiếu Có Quyền Biểu Quyết 21072025 21072025.pdf,local://material/TheGioiDiDong/Thông Báo Thay Đổi Số Lượng Cổ Phiếu Có Quyền Biểu Quyết 21072025 21072025.pdf,x,0
TheGioiDiDong,E:\Project\4_RagPdf\financial-document-qa-rag\data\material\TheGioiDiDong,Thông Báo Thay Đổi Số Lượng Cổ Phiếu Có Quyền Biểu Quyết 24062025 24062025.pdf,Thông Báo Thay Đổi Số Lượng Cổ Phiếu Có Quyền Biểu Quyết 24062025 24062025.pdf,local://material/TheGioiDiDong/Thông Báo Thay Đổi Số Lượng Cổ Phiếu Có Quyền Biểu Quyết 24062025 24062025.pdf,x,0
TheGioiDiDong,E:\Project\4_RagPdf\financial-document-qa-rag\data\material\TheGioiDiDong,Thông Báo Thay Đổi Số Lượng Cổ Phiếu Có Quyền Biểu Quyết 27122024 27122024.pdf,Thông Báo Thay Đổi Số Lượng Cổ Phiếu Có Quyền Biểu Quyết 27122024 27122024.pdf,local://material/TheGioiDiDong/Thông Báo Thay Đổi Số Lượng Cổ Phiếu Có Quyền Biểu Quyết 27122024 27122024.pdf,x,0
TheGioiDiDong,E:\Project\4_RagPdf\financial-document-qa-rag\data\material\TheGioiDiDong,Thông Báo Thay Đổi Số Lượng Cổ Phiếu Có Quyền Biểu Quyết 31122025 31122025.pdf,Thông Báo Thay Đổi Số Lượng Cổ Phiếu Có Quyền Biểu Quyết 31122025 31122025.pdf,local://material/TheGioiDiDong/Thông Báo Thay Đổi Số Lượng Cổ Phiếu Có Quyền Biểu Quyết 31122025 31122025.pdf,x,0
TheGioiDiDong,E:\Project\4_RagPdf\financial-document-qa-rag\data\material\TheGioiDiDong,Thông Báo Thay Đổi Về Tỉ Lệ Sở Hữu Của Nhóm Nhà Đầu Tư 01042026 01042026.pdf,Thông Báo Thay Đổi Về Tỉ Lệ Sở Hữu Của Nhóm Nhà Đầu Tư 01042026 01042026.pdf,local://material/TheGioiDiDong/Thông Báo Thay Đổi Về Tỉ Lệ Sở Hữu Của Nhóm Nhà Đầu Tư 01042026 01042026.pdf,x,0
TheGioiDiDong,E:\Project\4_RagPdf\financial-document-qa-rag\data\material\TheGioiDiDong,Thông Báo Thay Đổi Về Tỉ Lệ Sở Hữu Của Nhóm Nhà Đầu Tư 06052026 06052026.pdf,Thông Báo Thay Đổi Về Tỉ Lệ Sở Hữu Của Nhóm Nhà Đầu Tư 06052026 06052026.pdf,local://material/TheGioiDiDong/Thông Báo Thay Đổi Về Tỉ Lệ Sở Hữu Của Nhóm Nhà Đầu Tư 06052026 06052026.pdf,x,0
TheGioiDiDong,E:\Project\4_RagPdf\financial-document-qa-rag\data\material\TheGioiDiDong,Thông Báo Thay Đổi Về Tỉ Lệ Sở Hữu Của Nhóm Nhà Đầu Tư 12022026 12022026.pdf,Thông Báo Thay Đổi Về Tỉ Lệ Sở Hữu Của Nhóm Nhà Đầu Tư 12022026 12022026.pdf,local://material/TheGioiDiDong/Thông Báo Thay Đổi Về Tỉ Lệ Sở Hữu Của Nhóm Nhà Đầu Tư 12022026 12022026.pdf,x,0
TheGioiDiDong,E:\Project\4_RagPdf\financial-document-qa-rag\data\material\TheGioiDiDong,Thông Báo Thay Đổi Về Tỉ Lệ Sở Hữu Của Nhóm Nhà Đầu Tư 12032026 12032026.pdf,Thông Báo Thay Đổi Về Tỉ Lệ Sở Hữu Của Nhóm Nhà Đầu Tư 12032026 12032026.pdf,local://material/TheGioiDiDong/Thông Báo Thay Đổi Về Tỉ Lệ Sở Hữu Của Nhóm Nhà Đầu Tư 12032026 12032026.pdf,x,0
TheGioiDiDong,E:\Project\4_RagPdf\financial-document-qa-rag\data\material\TheGioiDiDong,Thông Báo Thay Đổi Về Tỉ Lệ Sở Hữu Của Nhóm Nhà Đầu Tư 18092025 18092025.pdf,Thông Báo Thay Đổi Về Tỉ Lệ Sở Hữu Của Nhóm Nhà Đầu Tư 18092025 18092025.pdf,local://material/TheGioiDiDong/Thông Báo Thay Đổi Về Tỉ Lệ Sở Hữu Của Nhóm Nhà Đầu Tư 18092025 18092025.pdf,x,0
TheGioiDiDong,E:\Project\4_RagPdf\financial-document-qa-rag\data\material\TheGioiDiDong,Thông Báo Thay Đổi Về Tỉ Lệ Sở Hữu Của Nhóm Nhà Đầu Tư 22122025 22122025.pdf,Thông Báo Thay Đổi Về Tỉ Lệ Sở Hữu Của Nhóm Nhà Đầu Tư 22122025 22122025.pdf,local://material/TheGioiDiDong/Thông Báo Thay Đổi Về Tỉ Lệ Sở Hữu Của Nhóm Nhà Đầu Tư 22122025 22122025.pdf,x,0
TheGioiDiDong,E:\Project\4_RagPdf\financial-document-qa-rag\data\material\TheGioiDiDong,Thông Báo Thay Đổi Về Tỉ Lệ Sở Hữu Của Nhóm Nhà Đầu Tư 25032026 25032026.pdf,Thông Báo Thay Đổi Về Tỉ Lệ Sở Hữu Của Nhóm Nhà Đầu Tư 25032026 25032026.pdf,local://material/TheGioiDiDong/Thông Báo Thay Đổi Về Tỉ Lệ Sở Hữu Của Nhóm Nhà Đầu Tư 25032026 25032026.pdf,x,0
TheGioiDiDong,E:\Project\4_RagPdf\financial-document-qa-rag\data\material\TheGioiDiDong,Thông Báo Thay Đổi Về Tỉ Lệ Sở Hữu Của Nhóm Nhà Đầu Tư 30032026 30032026.pdf,Thông Báo Thay Đổi Về Tỉ Lệ Sở Hữu Của Nhóm Nhà Đầu Tư 30032026 30032026.pdf,local://material/TheGioiDiDong/Thông Báo Thay Đổi Về Tỉ Lệ Sở Hữu Của Nhóm Nhà Đầu Tư 30032026 30032026.pdf,x,0
TheGioiDiDong,E:\Project\4_RagPdf\financial-document-qa-rag\data\material\TheGioiDiDong,Thông Báo Thay Đổi Về Tỉ Lệ Sở Hữu Của Nhóm Nhà Đầu Tư Nước Ngoài 04082025 04082025.pdf,Thông Báo Thay Đổi Về Tỉ Lệ Sở Hữu Của Nhóm Nhà Đầu Tư Nước Ngoài 04082025 04082025.pdf,local://material/TheGioiDiDong/Thông Báo Thay Đổi Về Tỉ Lệ Sở Hữu Của Nhóm Nhà Đầu Tư Nước Ngoài 04082025 04082025.pdf,x,0
TheGioiDiDong,E:\Project\4_RagPdf\financial-document-qa-rag\data\material\TheGioiDiDong,Thông Báo Về Ngày Đăng Ký Cuối Cùng Thực Hiện Quyền Chi Trả Cổ Tức 25062025 25062025.pdf,Thông Báo Về Ngày Đăng Ký Cuối Cùng Thực Hiện Quyền Chi Trả Cổ Tức 25062025 25062025.pdf,local://material/TheGioiDiDong/Thông Báo Về Ngày Đăng Ký Cuối Cùng Thực Hiện Quyền Chi Trả Cổ Tức 25062025 25062025.pdf,x,0
TheGioiDiDong,E:\Project\4_RagPdf\financial-document-qa-rag\data\material\TheGioiDiDong,Đính chính Báo cáo thường niên 2023 và Báo cáo phát triển bền vững 2023 17042024 17042024.pdf,Đính chính Báo cáo thường niên 2023 và Báo cáo phát triển bền vững 2023 17042024 17042024.pdf,local://material/TheGioiDiDong/Đính chính Báo cáo thường niên 2023 và Báo cáo phát triển bền vững 2023 17042024 17042024.pdf,MWG_EXP_AR_2023FY,1
Vinamilk,E:\Project\4_RagPdf\financial-document-qa-rag\data\material\Vinamilk,05052024 2024 Q1 Thuyết Trình Lợi Nhuận.pdf,05052024 2024 Q1 Thuyết Trình Lợi Nhuận.pdf,local://material/Vinamilk/05052024 2024 Q1 Thuyết Trình Lợi Nhuận.pdf,x,0
Vinamilk,E:\Project\4_RagPdf\financial-document-qa-rag\data\material\Vinamilk,22012025 2024 Báo cáo tình hình quản trị Công ty (Cả năm 2024).pdf,22012025 2024 Báo cáo tình hình quản trị Công ty (Cả năm 2024).pdf,local://material/Vinamilk/22012025 2024 Báo cáo tình hình quản trị Công ty (Cả năm 2024).pdf,x,0
Vinamilk,E:\Project\4_RagPdf\financial-document-qa-rag\data\material\Vinamilk,23012025 2024 Q4 Báo cáo tài chính hợp nhất Báo cáo Quý.pdf,23012025 2024 Q4 Báo cáo tài chính hợp nhất Báo cáo Quý.pdf,local://material/Vinamilk/23012025 2024 Q4 Báo cáo tài chính hợp nhất Báo cáo Quý.pdf,VNM_CFS_2025Q4,1
Vinamilk,E:\Project\4_RagPdf\financial-document-qa-rag\data\material\Vinamilk,23012025 2024 Q4 Báo cáo tài chính riêng Báo cáo Quý.pdf,23012025 2024 Q4 Báo cáo tài chính riêng Báo cáo Quý.pdf,local://material/Vinamilk/23012025 2024 Q4 Báo cáo tài chính riêng Báo cáo Quý.pdf,VNM_PCFS_2024Q4,1
Vinamilk,E:\Project\4_RagPdf\financial-document-qa-rag\data\material\Vinamilk,23012025 2024 Q4 Bản tin nhà đầu tư.pdf,23012025 2024 Q4 Bản tin nhà đầu tư.pdf,local://material/Vinamilk/23012025 2024 Q4 Bản tin nhà đầu tư.pdf,x,0
Vinamilk,E:\Project\4_RagPdf\financial-document-qa-rag\data\material\Vinamilk,23012025 2024 Q4 Thuyết Trình Lợi Nhuận.pdf,23012025 2024 Q4 Thuyết Trình Lợi Nhuận.pdf,local://material/Vinamilk/23012025 2024 Q4 Thuyết Trình Lợi Nhuận.pdf,x,0
Vinamilk,E:\Project\4_RagPdf\financial-document-qa-rag\data\material\Vinamilk,25012026 2025 Báo cáo tình hình quản trị Công ty (Cả năm 2025).pdf,25012026 2025 Báo cáo tình hình quản trị Công ty (Cả năm 2025).pdf,local://material/Vinamilk/25012026 2025 Báo cáo tình hình quản trị Công ty (Cả năm 2025).pdf,x,0
Vinamilk,E:\Project\4_RagPdf\financial-document-qa-rag\data\material\Vinamilk,25042024 2024 Q1 Báo cáo tài chính hợp nhất Đã soát xétkiểm toán.pdf,25042024 2024 Q1 Báo cáo tài chính hợp nhất Đã soát xétkiểm toán.pdf,local://material/Vinamilk/25042024 2024 Q1 Báo cáo tài chính hợp nhất Đã soát xétkiểm toán.pdf,VNM_CFS_2024Q1,1
Vinamilk,E:\Project\4_RagPdf\financial-document-qa-rag\data\material\Vinamilk,25042024 2024 Q1 Báo cáo tài chính riêng Đã soát xétkiểm toán.pdf,25042024 2024 Q1 Báo cáo tài chính riêng Đã soát xétkiểm toán.pdf,local://material/Vinamilk/25042024 2024 Q1 Báo cáo tài chính riêng Đã soát xétkiểm toán.pdf,VNM_PCFS_2024Q4,1
Vinamilk,E:\Project\4_RagPdf\financial-document-qa-rag\data\material\Vinamilk,25042024 2024 Q1 Bản tin nhà đầu tư.pdf,25042024 2024 Q1 Bản tin nhà đầu tư.pdf,local://material/Vinamilk/25042024 2024 Q1 Bản tin nhà đầu tư.pdf,x,0
Vinamilk,E:\Project\4_RagPdf\financial-document-qa-rag\data\material\Vinamilk,25042024 2024 Q1 Giải trình biến động kết quả kinh doanh.pdf,25042024 2024 Q1 Giải trình biến động kết quả kinh doanh.pdf,local://material/Vinamilk/25042024 2024 Q1 Giải trình biến động kết quả kinh doanh.pdf,VNM_EXP_BR_2024Q1,1
Vinamilk,E:\Project\4_RagPdf\financial-document-qa-rag\data\material\Vinamilk,27022025 2024 Q4 Báo cáo tài chính hợp nhất Đã soát xétkiểm toán.pdf,27022025 2024 Q4 Báo cáo tài chính hợp nhất Đã soát xétkiểm toán.pdf,local://material/Vinamilk/27022025 2024 Q4 Báo cáo tài chính hợp nhất Đã soát xétkiểm toán.pdf,VNM_CFS_2024Q4,1
Vinamilk,E:\Project\4_RagPdf\financial-document-qa-rag\data\material\Vinamilk,27022025 2024 Q4 Báo cáo tài chính riêng Đã soát xétkiểm toán.pdf,27022025 2024 Q4 Báo cáo tài chính riêng Đã soát xétkiểm toán.pdf,local://material/Vinamilk/27022025 2024 Q4 Báo cáo tài chính riêng Đã soát xétkiểm toán.pdf,VNM_PCFS_2024Q4,1
Vinamilk,E:\Project\4_RagPdf\financial-document-qa-rag\data\material\Vinamilk,27022026 2025 Q4 Báo cáo tài chính hợp nhất Đã soát xétkiểm toán.pdf,27022026 2025 Q4 Báo cáo tài chính hợp nhất Đã soát xétkiểm toán.pdf,local://material/Vinamilk/27022026 2025 Q4 Báo cáo tài chính hợp nhất Đã soát xétkiểm toán.pdf,VNM_CFS_2025Q4,1
Vinamilk,E:\Project\4_RagPdf\financial-document-qa-rag\data\material\Vinamilk,27022026 2025 Q4 Báo cáo tài chính riêng Đã soát xétkiểm toán.pdf,27022026 2025 Q4 Báo cáo tài chính riêng Đã soát xétkiểm toán.pdf,local://material/Vinamilk/27022026 2025 Q4 Báo cáo tài chính riêng Đã soát xétkiểm toán.pdf,VNM_PCFS_2025Q4,1
Vinamilk,E:\Project\4_RagPdf\financial-document-qa-rag\data\material\Vinamilk,28042025 2025 Q1 Báo cáo tài chính hợp nhất Đã soát xétkiểm toán.pdf,28042025 2025 Q1 Báo cáo tài chính hợp nhất Đã soát xétkiểm toán.pdf,local://material/Vinamilk/28042025 2025 Q1 Báo cáo tài chính hợp nhất Đã soát xétkiểm toán.pdf,VNM_CFS_2025Q1,1
Vinamilk,E:\Project\4_RagPdf\financial-document-qa-rag\data\material\Vinamilk,28042025 2025 Q1 Báo cáo tài chính riêng Đã soát xétkiểm toán.pdf,28042025 2025 Q1 Báo cáo tài chính riêng Đã soát xétkiểm toán.pdf,local://material/Vinamilk/28042025 2025 Q1 Báo cáo tài chính riêng Đã soát xétkiểm toán.pdf,VNM_PCFS_2025Q1,1
Vinamilk,E:\Project\4_RagPdf\financial-document-qa-rag\data\material\Vinamilk,28042025 2025 Q1 Bản tin nhà đầu tư.pdf,28042025 2025 Q1 Bản tin nhà đầu tư.pdf,local://material/Vinamilk/28042025 2025 Q1 Bản tin nhà đầu tư.pdf,x,0
Vinamilk,E:\Project\4_RagPdf\financial-document-qa-rag\data\material\Vinamilk,28042025 2025 Q1 Giải trình biến động kết quả kinh doanh.pdf,28042025 2025 Q1 Giải trình biến động kết quả kinh doanh.pdf,local://material/Vinamilk/28042025 2025 Q1 Giải trình biến động kết quả kinh doanh.pdf,VNM_EXP_BR_2025Q1,1
Vinamilk,E:\Project\4_RagPdf\financial-document-qa-rag\data\material\Vinamilk,28042025 2025 Q1 Thuyết Trình Lợi Nhuận.pdf,28042025 2025 Q1 Thuyết Trình Lợi Nhuận.pdf,local://material/Vinamilk/28042025 2025 Q1 Thuyết Trình Lợi Nhuận.pdf,x,0
Vinamilk,E:\Project\4_RagPdf\financial-document-qa-rag\data\material\Vinamilk,28072024 2024 Báo cáo tình hình quản trị Công ty (6 tháng 2024).pdf,28072024 2024 Báo cáo tình hình quản trị Công ty (6 tháng 2024).pdf,local://material/Vinamilk/28072024 2024 Báo cáo tình hình quản trị Công ty (6 tháng 2024).pdf,x,0
Vinamilk,E:\Project\4_RagPdf\financial-document-qa-rag\data\material\Vinamilk,28072025 2025 Báo cáo tình hình quản trị Công ty (6 tháng 2025).pdf,28072025 2025 Báo cáo tình hình quản trị Công ty (6 tháng 2025).pdf,local://material/Vinamilk/28072025 2025 Báo cáo tình hình quản trị Công ty (6 tháng 2025).pdf,x,0
Vinamilk,E:\Project\4_RagPdf\financial-document-qa-rag\data\material\Vinamilk,29042026 2026 Q1 Báo cáo tài chính hợp nhất Đã soát xétkiểm toán.pdf,29042026 2026 Q1 Báo cáo tài chính hợp nhất Đã soát xétkiểm toán.pdf,local://material/Vinamilk/29042026 2026 Q1 Báo cáo tài chính hợp nhất Đã soát xétkiểm toán.pdf,VNM_CFS_2026Q1,1
Vinamilk,E:\Project\4_RagPdf\financial-document-qa-rag\data\material\Vinamilk,29042026 2026 Q1 Báo cáo tài chính riêng Đã soát xétkiểm toán.pdf,29042026 2026 Q1 Báo cáo tài chính riêng Đã soát xétkiểm toán.pdf,local://material/Vinamilk/29042026 2026 Q1 Báo cáo tài chính riêng Đã soát xétkiểm toán.pdf,VNM_PCFS_2026Q1,1
Vinamilk,E:\Project\4_RagPdf\financial-document-qa-rag\data\material\Vinamilk,29042026 2026 Q1 Bản tin nhà đầu tư.pdf,29042026 2026 Q1 Bản tin nhà đầu tư.pdf,local://material/Vinamilk/29042026 2026 Q1 Bản tin nhà đầu tư.pdf,x,0
Vinamilk,E:\Project\4_RagPdf\financial-document-qa-rag\data\material\Vinamilk,29042026 2026 Q1 Giải trình biến động kinh doanh.pdf,29042026 2026 Q1 Giải trình biến động kinh doanh.pdf,local://material/Vinamilk/29042026 2026 Q1 Giải trình biến động kinh doanh.pdf,VNM_EXP_BR_2026Q1,1
Vinamilk,E:\Project\4_RagPdf\financial-document-qa-rag\data\material\Vinamilk,29072024 2024 Q2 Báo cáo tài chính hợp nhất Báo cáo Quý.pdf,29072024 2024 Q2 Báo cáo tài chính hợp nhất Báo cáo Quý.pdf,local://material/Vinamilk/29072024 2024 Q2 Báo cáo tài chính hợp nhất Báo cáo Quý.pdf,x,0
Vinamilk,E:\Project\4_RagPdf\financial-document-qa-rag\data\material\Vinamilk,29072024 2024 Q2 Báo cáo tài chính hợp nhất Đã soát xétkiểm toán.pdf,29072024 2024 Q2 Báo cáo tài chính hợp nhất Đã soát xétkiểm toán.pdf,local://material/Vinamilk/29072024 2024 Q2 Báo cáo tài chính hợp nhất Đã soát xétkiểm toán.pdf,VNM_CFS_2024Q2,1
Vinamilk,E:\Project\4_RagPdf\financial-document-qa-rag\data\material\Vinamilk,29072024 2024 Q2 Báo cáo tài chính riêng Báo cáo Quý.pdf,29072024 2024 Q2 Báo cáo tài chính riêng Báo cáo Quý.pdf,local://material/Vinamilk/29072024 2024 Q2 Báo cáo tài chính riêng Báo cáo Quý.pdf,VNM_CFS_2026Q1,1
Vinamilk,E:\Project\4_RagPdf\financial-document-qa-rag\data\material\Vinamilk,29072024 2024 Q2 Báo cáo tài chính riêng Đã soát xétkiểm toán.pdf,29072024 2024 Q2 Báo cáo tài chính riêng Đã soát xétkiểm toán.pdf,local://material/Vinamilk/29072024 2024 Q2 Báo cáo tài chính riêng Đã soát xétkiểm toán.pdf,VNM_PCFS_2026Q1,1
Vinamilk,E:\Project\4_RagPdf\financial-document-qa-rag\data\material\Vinamilk,29072024 2024 Q2 Bản tin nhà đầu tư.pdf,29072024 2024 Q2 Bản tin nhà đầu tư.pdf,local://material/Vinamilk/29072024 2024 Q2 Bản tin nhà đầu tư.pdf,x,0
Vinamilk,E:\Project\4_RagPdf\financial-document-qa-rag\data\material\Vinamilk,29072024 2024 Q2 Giải trình biến động kết quả kinh doanh.pdf,29072024 2024 Q2 Giải trình biến động kết quả kinh doanh.pdf,local://material/Vinamilk/29072024 2024 Q2 Giải trình biến động kết quả kinh doanh.pdf,VNM_EXP_BR_2024Q2,1
Vinamilk,E:\Project\4_RagPdf\financial-document-qa-rag\data\material\Vinamilk,29072024 2024 Q2 Thuyết Trình Lợi Nhuận.pdf,29072024 2024 Q2 Thuyết Trình Lợi Nhuận.pdf,local://material/Vinamilk/29072024 2024 Q2 Thuyết Trình Lợi Nhuận.pdf,x,0
Vinamilk,E:\Project\4_RagPdf\financial-document-qa-rag\data\material\Vinamilk,29072025 2025 Q2 Báo cáo tài chính hợp nhất Đã soát xétkiểm toán.pdf,29072025 2025 Q2 Báo cáo tài chính hợp nhất Đã soát xétkiểm toán.pdf,local://material/Vinamilk/29072025 2025 Q2 Báo cáo tài chính hợp nhất Đã soát xétkiểm toán.pdf,VNM_CFS_2025Q2,1
Vinamilk,E:\Project\4_RagPdf\financial-document-qa-rag\data\material\Vinamilk,29102024 2024 Q3 Báo cáo tài chính hợp nhất Báo cáo Quý.pdf,29102024 2024 Q3 Báo cáo tài chính hợp nhất Báo cáo Quý.pdf,local://material/Vinamilk/29102024 2024 Q3 Báo cáo tài chính hợp nhất Báo cáo Quý.pdf,x,0
Vinamilk,E:\Project\4_RagPdf\financial-document-qa-rag\data\material\Vinamilk,29102024 2024 Q3 Báo cáo tài chính hợp nhất Đã soát xétkiểm toán.pdf,29102024 2024 Q3 Báo cáo tài chính hợp nhất Đã soát xétkiểm toán.pdf,local://material/Vinamilk/29102024 2024 Q3 Báo cáo tài chính hợp nhất Đã soát xétkiểm toán.pdf,VNM_CFS_2024Q3,1
Vinamilk,E:\Project\4_RagPdf\financial-document-qa-rag\data\material\Vinamilk,29102024 2024 Q3 Báo cáo tài chính riêng Báo cáo Quý.pdf,29102024 2024 Q3 Báo cáo tài chính riêng Báo cáo Quý.pdf,local://material/Vinamilk/29102024 2024 Q3 Báo cáo tài chính riêng Báo cáo Quý.pdf,x,0
Vinamilk,E:\Project\4_RagPdf\financial-document-qa-rag\data\material\Vinamilk,29102024 2024 Q3 Báo cáo tài chính riêng Đã soát xétkiểm toán.pdf,29102024 2024 Q3 Báo cáo tài chính riêng Đã soát xétkiểm toán.pdf,local://material/Vinamilk/29102024 2024 Q3 Báo cáo tài chính riêng Đã soát xétkiểm toán.pdf,VNM_PCFS_2024Q3,1
Vinamilk,E:\Project\4_RagPdf\financial-document-qa-rag\data\material\Vinamilk,29102024 2024 Q3 Bản tin nhà đầu tư.pdf,29102024 2024 Q3 Bản tin nhà đầu tư.pdf,local://material/Vinamilk/29102024 2024 Q3 Bản tin nhà đầu tư.pdf,x,0
Vinamilk,E:\Project\4_RagPdf\financial-document-qa-rag\data\material\Vinamilk,29102024 2024 Q3 Thuyết Trình Lợi Nhuận.pdf,29102024 2024 Q3 Thuyết Trình Lợi Nhuận.pdf,local://material/Vinamilk/29102024 2024 Q3 Thuyết Trình Lợi Nhuận.pdf,x,0
Vinamilk,E:\Project\4_RagPdf\financial-document-qa-rag\data\material\Vinamilk,29102025 2025 Q3 Thuyết trình lợi nhuận.pdf,29102025 2025 Q3 Thuyết trình lợi nhuận.pdf,local://material/Vinamilk/29102025 2025 Q3 Thuyết trình lợi nhuận.pdf,x,0
Vinamilk,E:\Project\4_RagPdf\financial-document-qa-rag\data\material\Vinamilk,30012026 2025 Q4 Báo cáo tài chính hợp nhất.pdf,30012026 2025 Q4 Báo cáo tài chính hợp nhất.pdf,local://material/Vinamilk/30012026 2025 Q4 Báo cáo tài chính hợp nhất.pdf,VNM_CFS_2025Q4,1
Vinamilk,E:\Project\4_RagPdf\financial-document-qa-rag\data\material\Vinamilk,30012026 2025 Q4 Báo cáo tài chính riêng.pdf,30012026 2025 Q4 Báo cáo tài chính riêng.pdf,local://material/Vinamilk/30012026 2025 Q4 Báo cáo tài chính riêng.pdf,VNM_PCFS_2025Q4,1
Vinamilk,E:\Project\4_RagPdf\financial-document-qa-rag\data\material\Vinamilk,30012026 2025 Q4 Giải trình biến động kinh doanh.pdf,30012026 2025 Q4 Giải trình biến động kinh doanh.pdf,local://material/Vinamilk/30012026 2025 Q4 Giải trình biến động kinh doanh.pdf,VNM_EXP_BR_2025Q4,1
Vinamilk,E:\Project\4_RagPdf\financial-document-qa-rag\data\material\Vinamilk,30072025 2025 Q2 Báo cáo tài chính riêng Đã soát xétkiểm toán.pdf,30072025 2025 Q2 Báo cáo tài chính riêng Đã soát xétkiểm toán.pdf,local://material/Vinamilk/30072025 2025 Q2 Báo cáo tài chính riêng Đã soát xétkiểm toán.pdf,VNM_PCFS_2025Q2,1
Vinamilk,E:\Project\4_RagPdf\financial-document-qa-rag\data\material\Vinamilk,30072025 2025 Q2 Bản tin nhà đầu tư.pdf,30072025 2025 Q2 Bản tin nhà đầu tư.pdf,local://material/Vinamilk/30072025 2025 Q2 Bản tin nhà đầu tư.pdf,x,0
Vinamilk,E:\Project\4_RagPdf\financial-document-qa-rag\data\material\Vinamilk,30072025 2025 Q2 Giải trình biến động kết quả kinh doanh.pdf,30072025 2025 Q2 Giải trình biến động kết quả kinh doanh.pdf,local://material/Vinamilk/30072025 2025 Q2 Giải trình biến động kết quả kinh doanh.pdf,x,0
Vinamilk,E:\Project\4_RagPdf\financial-document-qa-rag\data\material\Vinamilk,30072025 2025 Q2 Thuyết trình lợi nhuận.pdf,30072025 2025 Q2 Thuyết trình lợi nhuận.pdf,local://material/Vinamilk/30072025 2025 Q2 Thuyết trình lợi nhuận.pdf,x,0
Vinamilk,E:\Project\4_RagPdf\financial-document-qa-rag\data\material\Vinamilk,30102025 2025 Q3 Báo cáo tài chính hợp nhất Đã soát xétkiểm toán.pdf,30102025 2025 Q3 Báo cáo tài chính hợp nhất Đã soát xétkiểm toán.pdf,local://material/Vinamilk/30102025 2025 Q3 Báo cáo tài chính hợp nhất Đã soát xétkiểm toán.pdf,VNM_CFS_2025Q3,1
Vinamilk,E:\Project\4_RagPdf\financial-document-qa-rag\data\material\Vinamilk,30102025 2025 Q3 Báo cáo tài chính riêng Đã soát xétkiểm toán.pdf,30102025 2025 Q3 Báo cáo tài chính riêng Đã soát xétkiểm toán.pdf,local://material/Vinamilk/30102025 2025 Q3 Báo cáo tài chính riêng Đã soát xétkiểm toán.pdf,VNM_PCFS_2025Q3,1
Vinamilk,E:\Project\4_RagPdf\financial-document-qa-rag\data\material\Vinamilk,30102025 2025 Q3 Bản tin nhà đầu tư.pdf,30102025 2025 Q3 Bản tin nhà đầu tư.pdf,local://material/Vinamilk/30102025 2025 Q3 Bản tin nhà đầu tư.pdf,x,0
Vinamilk,E:\Project\4_RagPdf\financial-document-qa-rag\data\material\Vinamilk,31012026 2025 Q4 Bản tin nhà đầu tư.pdf,31012026 2025 Q4 Bản tin nhà đầu tư.pdf,local://material/Vinamilk/31012026 2025 Q4 Bản tin nhà đầu tư.pdf,x,0
Vinamilk,E:\Project\4_RagPdf\financial-document-qa-rag\data\material\Vinamilk,31012026 2025 Q4 Thuyết trình lợi nhuận.pdf,31012026 2025 Q4 Thuyết trình lợi nhuận.pdf,local://material/Vinamilk/31012026 2025 Q4 Thuyết trình lợi nhuận.pdf,x,0
Vinamilk,E:\Project\4_RagPdf\financial-document-qa-rag\data\material\Vinamilk,Báo cáo thường niên 2006 22042007.pdf,Báo cáo thường niên 2006 22042007.pdf,local://material/Vinamilk/Báo cáo thường niên 2006 22042007.pdf,VNM_AR_2006FY,1
Vinamilk,E:\Project\4_RagPdf\financial-document-qa-rag\data\material\Vinamilk,Báo cáo thường niên 2007 22042008.pdf,Báo cáo thường niên 2007 22042008.pdf,local://material/Vinamilk/Báo cáo thường niên 2007 22042008.pdf,VNM_AR_2007FY,1
Vinamilk,E:\Project\4_RagPdf\financial-document-qa-rag\data\material\Vinamilk,Báo cáo thường niên 2008 22042009.pdf,Báo cáo thường niên 2008 22042009.pdf,local://material/Vinamilk/Báo cáo thường niên 2008 22042009.pdf,VNM_AR_2008FY,1
Vinamilk,E:\Project\4_RagPdf\financial-document-qa-rag\data\material\Vinamilk,Báo cáo thường niên 2009 22042010.pdf,Báo cáo thường niên 2009 22042010.pdf,local://material/Vinamilk/Báo cáo thường niên 2009 22042010.pdf,VNM_AR_2009FY,1
Vinamilk,E:\Project\4_RagPdf\financial-document-qa-rag\data\material\Vinamilk,Báo cáo thường niên 2010 22042011.pdf,Báo cáo thường niên 2010 22042011.pdf,local://material/Vinamilk/Báo cáo thường niên 2010 22042011.pdf,VNM_AR_2010FY,1
Vinamilk,E:\Project\4_RagPdf\financial-document-qa-rag\data\material\Vinamilk,Báo cáo thường niên 2011 22042012.pdf,Báo cáo thường niên 2011 22042012.pdf,local://material/Vinamilk/Báo cáo thường niên 2011 22042012.pdf,VNM_AR_2011FY,1
Vinamilk,E:\Project\4_RagPdf\financial-document-qa-rag\data\material\Vinamilk,Báo cáo thường niên 2012 22042013.pdf,Báo cáo thường niên 2012 22042013.pdf,local://material/Vinamilk/Báo cáo thường niên 2012 22042013.pdf,VNM_AR_2012FY,1
Vinamilk,E:\Project\4_RagPdf\financial-document-qa-rag\data\material\Vinamilk,Báo cáo thường niên 2013 22042014.pdf,Báo cáo thường niên 2013 22042014.pdf,local://material/Vinamilk/Báo cáo thường niên 2013 22042014.pdf,VNM_AR_2013FY,1
Vinamilk,E:\Project\4_RagPdf\financial-document-qa-rag\data\material\Vinamilk,Báo cáo thường niên 2014 20052015.pdf,Báo cáo thường niên 2014 20052015.pdf,local://material/Vinamilk/Báo cáo thường niên 2014 20052015.pdf,VNM_AR_2014FY,1
Vinamilk,E:\Project\4_RagPdf\financial-document-qa-rag\data\material\Vinamilk,Báo cáo thường niên 2015 18052016.pdf,Báo cáo thường niên 2015 18052016.pdf,local://material/Vinamilk/Báo cáo thường niên 2015 18052016.pdf,VNM_AR_2015FY,1
Vinamilk,E:\Project\4_RagPdf\financial-document-qa-rag\data\material\Vinamilk,Báo cáo thường niên 2016 20032017.pdf,Báo cáo thường niên 2016 20032017.pdf,local://material/Vinamilk/Báo cáo thường niên 2016 20032017.pdf,VNM_AR_2016FY,1
Vinamilk,E:\Project\4_RagPdf\financial-document-qa-rag\data\material\Vinamilk,Báo cáo thường niên 2017 26032018.pdf,Báo cáo thường niên 2017 26032018.pdf,local://material/Vinamilk/Báo cáo thường niên 2017 26032018.pdf,VNM_AR_2017FY,1
Vinamilk,E:\Project\4_RagPdf\financial-document-qa-rag\data\material\Vinamilk,Báo cáo thường niên 2018 21032019.pdf,Báo cáo thường niên 2018 21032019.pdf,local://material/Vinamilk/Báo cáo thường niên 2018 21032019.pdf,VNM_AR_2018FY,1
Vinamilk,E:\Project\4_RagPdf\financial-document-qa-rag\data\material\Vinamilk,Báo cáo thường niên 2019 27032020.pdf,Báo cáo thường niên 2019 27032020.pdf,local://material/Vinamilk/Báo cáo thường niên 2019 27032020.pdf,VNM_AR_2019FY,1
Vinamilk,E:\Project\4_RagPdf\financial-document-qa-rag\data\material\Vinamilk,Báo cáo thường niên 2020 02042021.pdf,Báo cáo thường niên 2020 02042021.pdf,local://material/Vinamilk/Báo cáo thường niên 2020 02042021.pdf,VNM_AR_2020FY,1
Vinamilk,E:\Project\4_RagPdf\financial-document-qa-rag\data\material\Vinamilk,Báo cáo thường niên 2021 20042022.pdf,Báo cáo thường niên 2021 20042022.pdf,local://material/Vinamilk/Báo cáo thường niên 2021 20042022.pdf,VNM_AR_2021FY,1
Vinamilk,E:\Project\4_RagPdf\financial-document-qa-rag\data\material\Vinamilk,Báo cáo thường niên 2025 19032026.pdf,Báo cáo thường niên 2025 19032026.pdf,local://material/Vinamilk/Báo cáo thường niên 2025 19032026.pdf,VNM_AR_2025FY,1
Vinamilk,E:\Project\4_RagPdf\financial-document-qa-rag\data\material\Vinamilk,full-bao-cao-2024 bctb.pdf,full-bao-cao-2024 bctb.pdf,local://material/Vinamilk/full-bao-cao-2024 bctb.pdf,VNM_AR_2024FY,1
Vinamilk,E:\Project\4_RagPdf\financial-document-qa-rag\data\material\Vinamilk,Quy chế hoạt động.pdf,Quy chế hoạt động.pdf,local://material/Vinamilk/Quy chế hoạt động.pdf,x,0
Vinamilk,E:\Project\4_RagPdf\financial-document-qa-rag\data\material\Vinamilk,Vinamilk BCTN 2023.nwYxiaAn.pdf,Vinamilk BCTN 2023.nwYxiaAn.pdf,local://material/Vinamilk/Vinamilk BCTN 2023.nwYxiaAn.pdf,VNM_AR_2023FY,1
Vinamilk,E:\Project\4_RagPdf\financial-document-qa-rag\data\material\Vinamilk,vinamilk_ar_2022.pdf,vinamilk_ar_2022.pdf,local://material/Vinamilk/vinamilk_ar_2022.pdf,VNM_AR_2022FY,1
